MessageId,Actual,Predicted,Probability
0,0,0,0.008048739489532816
1,0,0,0.0082984692513538
2,1,1,0.9994494026596357
3,0,0,0.007908733102644724
4,0,0,0.008128198214491482
5,1,1,0.9481653877134881
6,0,0,0.008363182936196584
7,0,0,0.015933112894585686
8,1,1,0.9995026125881928
9,1,1,0.9994158666458757
10,0,0,0.007542058806453019
11,1,1,0.999557787748454
12,1,1,0.9995959918217743
13,0,0,0.008146318209316968
14,0,0,0.013623592908024106
15,1,1,0.9983208895136079
16,0,0,0.007947806913812683
17,0,0,0.008243051778680236
18,0,0,0.00768090556194782
19,1,1,0.9947043019451797
20,0,0,0.013121329170928345
21,0,0,0.008885954203064325
22,0,0,0.007977347104232124
23,0,0,0.007857106465067841
24,0,0,0.008238755167148686
25,0,0,0.007986502340045942
26,0,0,0.008223020311373262
27,0,0,0.007712083752947831
28,0,0,0.007587616577945042
29,0,0,0.007588240035508695
30,0,0,0.008688300051836665
31,0,0,0.008506605005493821
32,0,0,0.00926652712911092
33,0,0,0.009102249768145996
34,1,1,0.9986244945454942
35,0,0,0.008185833254010148
36,0,0,0.007992381574737147
37,0,0,0.009969044283021668
38,0,0,0.008595515752546337
39,0,0,0.008927949721311824
40,0,0,0.008299650880329797
41,0,0,0.008006644636950808
42,1,1,0.9994627174722034
43,0,0,0.01090308141425681
44,0,0,0.007646882546882387
45,0,0,0.023859217508598093
46,0,0,0.008966272845659325
47,0,0,0.009640693255328158
48,0,0,0.007897405454818863
49,0,0,0.00837826093701438
50,0,0,0.008171689376395341
51,0,0,0.007653878379672479
52,0,0,0.008119809572718389
53,0,0,0.007583877294706614
54,1,1,0.9775724000245053
55,0,0,0.00791459316774972
56,1,1,0.9988517560840614
57,0,0,0.007556913396287342
58,0,0,0.009225740779659998
59,0,0,0.011381503112120862
60,0,0,0.007912776077652938
61,0,0,0.010230161371940499
62,0,0,0.011530824017777164
63,0,0,0.00782274592857636
64,0,0,0.007791750853084345
65,1,1,0.9992091377269063
66,0,0,0.011381803771581791
67,1,1,0.9995257718519311
68,1,0,0.04464333734583137
69,0,0,0.015555372803590158
70,0,0,0.01036588599307521
71,0,0,0.008633171281851822
72,0,0,0.010223009503055018
73,0,0,0.00825678269366773
74,0,0,0.019988801631391977
75,0,0,0.034681999161692144
76,0,0,0.00950345155380494
77,0,0,0.009286166434400342
78,0,0,0.00748764171610641
79,0,0,0.010339150194155242
80,0,0,0.00752047140064081
81,0,0,0.00838612224392298
82,0,0,0.007867134656999756
83,0,0,0.009377462234942013
84,0,0,0.020384356402332836
85,0,0,0.012685298135272794
86,0,0,0.00984404903242572
87,0,0,0.010492764856153067
88,0,0,0.008252863790394645
89,0,0,0.010664394326571203
90,0,0,0.007923456279152198
91,0,0,0.007552934978878492
92,0,0,0.008855571202660163
93,1,1,0.9995561925717956
94,0,0,0.007665229750481715
95,1,1,0.9991718775342079
96,0,0,0.00812444586146016
97,0,0,0.00869465125043584
98,0,0,0.007664955954359833
99,0,0,0.015991159128907445
100,0,0,0.010228874975123956
101,0,0,0.010090731087533998
102,0,0,0.00833022300232277
103,0,0,0.015933112894585686
104,0,0,0.008655487597319093
105,0,0,0.008587338404127788
106,0,0,0.009416909399678309
107,0,0,0.010498136363652608
108,0,0,0.009710685601166325
109,0,0,0.008934435714108806
110,0,0,0.008890435390366004
111,0,0,0.014492310099880695
112,0,0,0.009499297284506823
113,0,0,0.007817606221984947
114,1,1,0.9995024782443671
115,0,0,0.008709299729463271
116,0,0,0.008893657304839285
117,1,1,0.9994968376074653
118,0,0,0.00991056503521908
119,0,0,0.008391399621647165
120,1,1,0.9993740431940454
121,1,1,0.9995285885263973
122,0,0,0.05809541230382304
123,1,1,0.9994124116967745
124,0,0,0.009326890677431973
125,0,0,0.0076689538211832265
126,0,0,0.008570727395324532
127,0,0,0.010149888431389649
128,0,0,0.009218785896055199
129,0,0,0.008174672417746854
130,0,0,0.019113427009263807
131,0,0,0.00792996902675145
132,0,0,0.008530955651178037
133,0,0,0.020780375673399198
134,1,1,0.9993373956907982
135,1,1,0.9991443251613489
136,0,0,0.026498972733705526
137,0,0,0.01082837420258415
138,0,0,0.013223642543503668
139,1,1,0.9932431228786548
140,0,0,0.007712957827315854
141,0,0,0.012054584728591883
142,0,0,0.008681677182276436
143,0,0,0.008292480853958667
144,0,0,0.008388265403519808
145,0,0,0.010689397556005205
146,0,0,0.009064520604098545
147,1,1,0.9963548215857179
148,0,0,0.00961582616633578
149,0,0,0.04087145217145678
150,0,0,0.00921583787548913
151,0,0,0.010923988636099068
152,0,0,0.007979376734850272
153,0,0,0.02106562092809038
154,0,0,0.015933112894585686
155,0,0,0.008755410474977755
156,0,0,0.00855044124033324
157,0,0,0.00862182782463674
158,0,0,0.007631224026954995
159,1,1,0.9966914509950389
160,1,1,0.9994614930103114
161,0,0,0.008883516094726752
162,0,0,0.010750819458987211
163,0,0,0.008242668222480208
164,1,1,0.9992829443141966
165,1,1,0.9969352348569338
166,0,0,0.019829604361463433
167,1,1,0.999531448462769
168,0,0,0.00854158078945244
169,0,0,0.01096190207035433
170,0,0,0.01031607936372531
171,0,0,0.010223381104556875
172,0,0,0.007870658750245329
173,0,0,0.00792580656965712
174,0,0,0.009554491496688071
175,0,0,0.007638478257868473
176,0,0,0.007751909863456811
177,0,0,0.009605422864508535
178,0,0,0.008003281731990153
179,0,0,0.03999399017333457
180,0,0,0.01620764310370495
181,0,0,0.010266045808246619
182,0,0,0.008530467600753785
183,0,0,0.010604468786936879
184,0,0,0.011454218996602684
185,0,0,0.008479783119373833
186,0,0,0.008392943311136205
187,0,0,0.009141356098666661
188,1,1,0.9994685106367447
189,0,0,0.011122362028855559
190,0,0,0.008579824830055514
191,1,1,0.9983883064072739
192,0,0,0.008405786784597385
193,0,0,0.008993691327073077
194,0,0,0.020636674945392598
195,0,0,0.008701177804381571
196,0,0,0.008181241228646396
197,0,0,0.008545606896750971
198,0,0,0.008522264387382279
199,0,0,0.010895236663921217
200,0,0,0.007453944530827019
201,0,0,0.007846982558045015
202,0,0,0.010636122687493444
203,0,0,0.007849403064245399
204,0,0,0.009287644010870946
205,0,0,0.01083715764123256
206,0,0,0.007721485571312365
207,0,0,0.008893657304839285
208,0,0,0.009213844715141072
209,0,0,0.008010850525732685
210,0,0,0.010086534813118317
211,0,0,0.00862966756963197
212,0,0,0.01887750451439324
213,0,0,0.008804320844444857
214,0,0,0.008103234373314219
215,0,0,0.008027946265653993
216,0,0,0.031075503128396867
217,0,0,0.00996982716863038
218,0,0,0.008719792607459415
219,0,0,0.009963090258567807
220,0,0,0.007717529362648642
221,0,0,0.0085472192133173
222,0,0,0.011609281712131067
223,0,0,0.00752047140064081
224,0,0,0.007641191930102551
225,1,1,0.9993641715373791
226,0,0,0.008640215663327865
227,1,1,0.6882651459715057
228,0,0,0.014562141565900645
229,0,0,0.008167057596504577
230,0,0,0.007819751243789778
231,0,0,0.007860398393526218
232,0,0,0.00799889305057346
233,0,0,0.008668987683926087
234,0,0,0.008634709713041982
235,1,1,0.9980435431388034
236,0,0,0.007397952858042566
237,0,0,0.009702364339526245
238,0,0,0.009472781223660867
239,0,0,0.013166502610398785
240,1,1,0.9992551679035532
241,0,0,0.01583728659497874
242,0,0,0.012346425490360005
243,0,0,0.008320214977760641
244,0,0,0.0076199647999517
245,0,0,0.008393030247378003
246,0,0,0.00796302190394668
247,0,0,0.008512231418971438
248,0,0,0.011877735267840818
249,0,0,0.007523277942261023
250,1,1,0.9995017446270877
251,0,0,0.011991747662574015
252,0,0,0.009176611668112537
253,0,0,0.008217041687979218
254,0,0,0.010660774853070166
255,0,0,0.009035550356374671
256,0,0,0.00942353573678037
257,0,0,0.009770746431483256
258,0,0,0.011668457993342728
259,1,1,0.9994611750433234
260,0,0,0.008711006324989045
261,0,0,0.008487766731851209
262,0,0,0.00814429680617922
263,0,0,0.01535396404309154
264,1,1,0.9954684438201437
265,0,0,0.008634508123341555
266,0,0,0.009128771118133162
267,0,0,0.008675383424037163
268,1,1,0.9995863850693406
269,0,0,0.013378576384735164
270,1,1,0.9994141909058274
271,0,0,0.008794642771168393
272,0,0,0.009117932975313409
273,1,1,0.9993093088120717
274,0,0,0.009097645883185517
275,0,0,0.009311962556019916
276,0,0,0.009130688257228913
277,0,0,0.00926652712911092
278,0,0,0.007799868701422287
279,0,0,0.008129144633417948
280,0,0,0.011638753166749869
281,0,0,0.008483525099036974
282,0,0,0.009511369073769534
283,0,0,0.008255056619496269
284,0,0,0.009512503742246646
285,0,0,0.007628026718627639
286,0,0,0.007748201900331024
287,0,0,0.007761906218285115
288,0,0,0.008596040224242908
289,0,0,0.008121721686624266
290,0,0,0.008009311939295997
291,0,0,0.008014041396624238
292,0,0,0.00802492349972102
293,0,0,0.008156661282748208
294,0,0,0.013007850152609792
295,0,0,0.014649436007747079
296,1,1,0.9992737146052683
297,0,0,0.011120100147465213
298,0,0,0.007964143657077477
299,0,0,0.008398816974169278
300,0,0,0.008384971977306343
301,0,0,0.00804215246594267
302,0,0,0.00812094926203609
303,0,0,0.0077715021066011875
304,0,0,0.019988801631391977
305,1,1,0.9915936786974227
306,0,0,0.008348898781651905
307,0,0,0.008353711929951803
308,0,0,0.009051128197428667
309,1,1,0.999171596205818
310,0,0,0.014471864825903603
311,0,0,0.02596953328805478
312,1,1,0.9994754600500185
313,0,0,0.00879574794408786
314,0,0,0.008599437797361215
315,0,0,0.008722998676919055
316,0,0,0.009350161712918052
317,0,0,0.008102650416046794
318,0,0,0.008883760696489659
319,1,1,0.9994723884613479
320,0,0,0.010592783193565493
321,0,0,0.008744044771360138
322,0,0,0.0077385920802330015
323,0,0,0.00809178082697229
324,0,0,0.008116160856627738
325,0,0,0.007941224132571869
326,0,0,0.023859217508598093
327,0,0,0.008849335988770645
328,0,0,0.008863159716420614
329,0,0,0.013785181963236701
330,0,0,0.00999517190929902
331,0,0,0.008926210709375132
332,0,0,0.013323727884278058
333,1,1,0.9905427233310936
334,0,0,0.016202445485043293
335,1,1,0.9991403315642291
336,0,0,0.009125101730922307
337,0,0,0.007838627273447942
338,0,0,0.010388026436440925
339,0,0,0.00752047140064081
340,0,0,0.009708624135748313
341,0,0,0.007832351276893006
342,0,0,0.011820670439559032
343,0,0,0.015931815584210553
344,0,0,0.009983242803982748
345,0,0,0.011593720713275784
346,0,0,0.01159467199975347
347,0,0,0.008151253512169703
348,0,0,0.008919825532944233
349,1,1,0.9990569171621593
350,0,0,0.00827031048449879
351,0,0,0.010674697056583806
352,0,0,0.008044990759599401
353,0,0,0.008226573794869855
354,0,0,0.00847517947462765
355,0,0,0.007948004106329759
356,0,0,0.007959626474318573
357,1,1,0.9995017446270877
358,1,1,0.9995047210587893
359,0,0,0.00785352486439259
360,0,0,0.007895361118302517
361,0,0,0.00859067544000841
362,0,0,0.008013468396263088
363,0,0,0.009104710324714932
364,0,0,0.008605326905838982
365,0,0,0.00813285959482202
366,0,0,0.00885028851921516
367,1,1,0.9995178045115699
368,1,1,0.9995564596174581
369,0,0,0.008386257731006746
370,0,0,0.012443517676584229
371,0,0,0.008409345807258934
372,0,0,0.009401294446543062
373,0,0,0.008160388437461955
374,0,0,0.007930127804725042
375,1,1,0.999209376925148
376,0,0,0.008295271783148317
377,0,0,0.008216830282377772
378,0,0,0.010010941709856095
379,0,0,0.015780119235081155
380,0,0,0.008244600433557755
381,0,0,0.00772719911943473
382,0,0,0.008529674879917588
383,0,0,0.008188439170211044
384,0,0,0.007783422479489026
385,1,1,0.999327361830551
386,0,0,0.010355488590026664
387,0,0,0.017803936730917125
388,0,0,0.009721072654667534
389,1,1,0.9993408896132803
390,0,0,0.008099036061768474
391,0,0,0.008118659083240191
392,0,0,0.008165896575589098
393,0,0,0.00764957946675298
394,0,0,0.007805428758583171
395,0,0,0.008916379138796608
396,0,0,0.03709813646989091
397,0,0,0.013681875248637001
398,0,0,0.00799355541074957
399,0,0,0.007895178165702394
400,0,0,0.009230230231518734
401,1,1,0.9995387615238334
402,0,0,0.008529776950894432
403,0,0,0.010238299612429554
404,0,0,0.009734068519250978
405,0,0,0.007990491414233617
406,0,0,0.008018318395668102
407,0,0,0.0077185573724010866
408,0,0,0.009591743221831086
409,0,0,0.019988801631391977
410,0,0,0.010731891506654049
411,0,0,0.007901683948462641
412,0,0,0.007954738968690213
413,0,0,0.011381758229465133
414,0,0,0.008001750144556822
415,1,1,0.9986729665270976
416,0,0,0.008205692026406622
417,0,0,0.07197294320860959
418,1,1,0.9995445924829122
419,0,0,0.008919268793523545
420,1,1,0.980191934623952
421,0,0,0.014444479178849832
422,1,1,0.9992164601286997
423,0,0,0.010795232617222168
424,1,1,0.9995462432387442
425,0,0,0.008634733292408655
426,0,0,0.0077301730001449855
427,0,0,0.01048840959101041
428,0,0,0.00853437121466169
429,0,0,0.008170324704937776
430,0,0,0.009747047668000155
431,0,0,0.007958236627722513
432,0,0,0.00922305654523404
433,1,1,0.999297471687918
434,0,0,0.01166998778301941
435,0,0,0.007520270728114081
436,0,0,0.007583945070362647
437,0,0,0.00794767268815897
438,0,0,0.008323179714259261
439,0,0,0.0716085147602216
440,0,0,0.010034120412802794
441,0,0,0.008172328913825183
442,0,0,0.008107894900147702
443,0,0,0.008717296130063364
444,0,0,0.00752047140064081
445,0,0,0.008439610923347904
446,0,0,0.008252942841168622
447,0,0,0.008076607257563574
448,0,0,0.008108294463018719
449,0,0,0.01119266750045652
450,0,0,0.018486824916815935
451,0,0,0.019988801631391977
452,0,0,0.007949494117777142
453,0,0,0.011303035846106537
454,0,0,0.007961821482432848
455,1,1,0.9992740366146988
456,0,0,0.009956613612093646
457,0,0,0.008077047442007126
458,0,0,0.008551384733248742
459,0,0,0.00839500502513882
460,0,0,0.008282489618684651
461,0,0,0.008335565403099779
462,0,0,0.00838025353451975
463,1,1,0.999350870308625
464,0,0,0.007488439725605193
465,0,0,0.008530038651436925
466,0,0,0.007755933737039557
467,0,0,0.008810981412816462
468,0,0,0.008990206357926826
469,0,0,0.008376874908504773
470,0,0,0.009546387755390118
471,1,1,0.9993193496523278
472,0,0,0.008179073072959443
473,0,0,0.008148740823879676
474,1,1,0.999144885266926
475,0,0,0.007933520455785305
476,0,0,0.007748960233968194
477,0,0,0.008950801153309422
478,0,0,0.008237483457995194
479,0,0,0.009087733360389968
480,0,0,0.008041784750506898
481,0,0,0.012517966922787853
482,0,0,0.008100270294369244
483,0,0,0.008566113776464143
484,0,0,0.0087475364073978
485,0,0,0.009647746963410477
486,0,0,0.01053450588998408
487,1,1,0.9994679466117637
488,0,0,0.00905646460872542
489,0,0,0.008676738312479379
490,0,0,0.010370782390565667
491,0,0,0.00972188192142369
492,1,1,0.9988517560840614
493,0,0,0.007681035745572584
494,0,0,0.007474470742845356
495,0,1,0.5657215414867134
496,0,0,0.008741127650569685
497,0,0,0.007876370388856985
498,0,0,0.009111166678507986
499,0,0,0.010505952456739626
500,0,0,0.008634277108713314
501,0,0,0.02852078859716867
502,0,0,0.00787567862770556
503,0,0,0.013176305730809012
504,0,0,0.009295932479052466
505,1,1,0.9995239310560997
506,0,0,0.00763193915179081
507,0,0,0.008867133359033368
508,0,0,0.0081454868716459
509,0,0,0.019988801631391977
510,0,0,0.0145831065989352
511,0,0,0.1991929833632188
512,0,0,0.012504557053316087
513,0,0,0.008457107533243184
514,0,0,0.010794582339889693
515,1,1,0.9994424511019782
516,0,0,0.023655485342011597
517,1,1,0.9968975745782339
518,1,1,0.9989364135104186
519,0,0,0.008460854943399997
520,0,0,0.009437847090887711
521,0,0,0.019988801631391977
522,0,0,0.00891605580349926
523,0,0,0.008464902106080209
524,0,0,0.022006764770795554
525,1,1,0.9994737122681918
526,0,0,0.016419107856462466
527,1,1,0.9994752306208228
528,0,0,0.008658659011125901
529,1,1,0.9899531493619804
530,0,0,0.011285540109640935
531,1,1,0.9995083057263029
532,0,0,0.010413335014897615
533,0,0,0.01159467199975347
534,0,0,0.007809087229062825
535,0,0,0.007717425899889746
536,0,0,0.007667492684982822
537,0,0,0.007645467770314682
538,0,0,0.008625336058010512
539,0,0,0.008517668484122982
540,0,0,0.008343067813721213
541,1,1,0.9993794845341724
542,0,0,0.01333204814000664
543,0,0,0.007691608571169125
544,0,0,0.009489487806585999
545,0,0,0.008305906457114416
546,0,0,0.020135328214771934
547,0,0,0.008296647909357031
548,0,0,0.008296535798491917
549,0,0,0.007929311096148034
550,0,0,0.007784767346577895
551,0,0,0.008658330163799532
552,0,0,0.009053501031369858
553,0,0,0.009624903977805362
554,0,0,0.007883224588739125
555,0,0,0.011777595327551262
556,0,0,0.01044904994184097
557,0,0,0.008353736898601728
558,0,0,0.008280046434382293
559,0,0,0.008896284098081467
560,0,0,0.010510675426598663
561,0,0,0.0116103531638159
562,0,0,0.008198343234862064
563,0,0,0.010082071214189064
564,1,1,0.9995024782443671
565,0,0,0.008772064364412172
566,0,0,0.009726831232118304
567,0,0,0.009260710770781628
568,0,0,0.007740856827199554
569,0,0,0.008762681688722056
570,0,0,0.012054244263553452
571,0,0,0.007567850354031332
572,0,0,0.00876240360348695
573,0,0,0.011578038104628914
574,0,0,0.03407935068019722
575,0,0,0.00985952601236096
576,1,1,0.9994635089998879
577,0,0,0.00962742820002558
578,0,0,0.007990829991460495
579,1,1,0.9990908778199274
580,0,0,0.011737647803997121
581,0,0,0.00803040781131551
582,0,0,0.007764129601029033
583,1,1,0.9994942243385118
584,0,0,0.008679835236611623
585,0,0,0.012338672230909007
586,0,0,0.008317423114698219
587,0,0,0.008104165196379874
588,0,0,0.023257392875798734
589,0,0,0.008282282742581503
590,0,0,0.008115609361686303
591,1,1,0.9994510796923058
592,1,1,0.9993785021493203
593,1,1,0.9994688188781936
594,0,0,0.014659627146583667
595,0,0,0.008893748562723366
596,0,0,0.0097203940829055
597,0,0,0.008133470991937996
598,1,1,0.9993174893568064
599,0,0,0.008436722522436243
600,0,0,0.008509684636875984
601,0,0,0.01066840807609083
602,0,0,0.007704781209765651
603,0,0,0.033165195893866746
604,0,0,0.00787397863564653
605,0,0,0.009385826605151954
606,0,0,0.00943939806293268
607,1,1,0.973379540455879
608,0,0,0.008101481627618224
609,0,0,0.008431882261666853
610,0,0,0.007964008488279543
611,1,1,0.998895558567395
612,0,0,0.013002390146169582
613,0,0,0.019988801631391977
614,0,0,0.007904554909018514
615,0,0,0.02311513563249163
616,0,0,0.00835102240265508
617,0,0,0.0076056890457938805
618,0,0,0.009714275823198672
619,0,0,0.00865069350406821
620,0,0,0.009161690904102945
621,0,0,0.00777884059908683
622,0,0,0.008203708375763634
623,0,0,0.008214685342259925
624,0,0,0.00785010031569427
625,0,0,0.012567966929624096
626,0,0,0.00897894918805665
627,0,0,0.013883432858077886
628,0,0,0.007874171245933634
629,1,1,0.9988454638900476
630,1,1,0.9992814945700745
631,0,0,0.008409078053381555
632,0,0,0.009754703749040444
633,0,0,0.01189463663926608
634,0,0,0.009264085580357647
635,1,1,0.999577850685246
636,0,0,0.012310586994534333
637,0,0,0.008242793992879267
638,0,0,0.008096160117835505
639,0,0,0.009907570709757488
640,0,0,0.01317502037015357
641,0,0,0.008117890103639298
642,0,0,0.007828059828063932
643,0,0,0.008089730629418375
644,0,0,0.008296364245056871
645,0,0,0.009444184170906039
646,0,0,0.013170910478711911
647,0,0,0.007760062147775507
648,1,1,0.9994584842018124
649,0,0,0.01160063093684376
650,1,1,0.9995019197760284
651,0,0,0.008788647039813484
652,0,0,0.007883496527065794
653,0,0,0.00827679400521345
654,0,0,0.00833143871934811
655,0,0,0.008545606896750971
656,0,0,0.009164839962419449
657,0,0,0.00856397268569714
658,0,0,0.009377462234942013
659,0,0,0.01252916581076997
660,1,1,0.8498951872434475
661,0,0,0.01194079028980049
662,0,0,0.010017284675167326
663,0,0,0.007519030128014795
664,0,0,0.009734641797400701
665,0,0,0.008910197661739618
666,0,0,0.010767239903513895
667,0,0,0.008328659450298526
668,0,0,0.007861699451682184
669,0,0,0.008872196787024885
670,0,0,0.03692133939150977
671,0,0,0.00875470105375068
672,1,1,0.8335489634249198
673,1,1,0.9995483832374437
674,0,0,0.008099682821616546
675,0,0,0.007471345174958966
676,0,0,0.008309828426192363
677,0,0,0.008106031824834098
678,0,0,0.008273966291489382
679,0,0,0.008278251980664843
680,0,0,0.007818038760421786
681,0,0,0.009971399134780304
682,0,0,0.010424460477369613
683,0,0,0.008427480949441468
684,1,1,0.9191306472369933
685,0,0,0.007976178339768297
686,0,0,0.008359743668039338
687,0,0,0.008554816479320786
688,0,0,0.008957271958356126
689,0,0,0.0085934377175651
690,1,1,0.997839700620443
691,0,0,0.01154259568424233
692,0,0,0.007792057254507752
693,0,0,0.007873683957964221
694,0,0,0.06281458520327238
695,0,0,0.008026930815466855
696,0,0,0.007984288774989938
697,0,0,0.008688536123074903
698,0,0,0.008664302079847747
699,0,0,0.007820924833738224
700,0,0,0.13013891043969367
701,0,0,0.010710714598381915
702,0,0,0.00752047140064081
703,0,0,0.016858982834296547
704,0,0,0.007828628558478008
705,0,0,0.009325818163667985
706,0,0,0.0076558686684646705
707,0,0,0.010867676875722102
708,0,0,0.008737020401991577
709,1,1,0.9993706520912878
710,1,1,0.9993902346336748
711,0,0,0.009197555612086412
712,0,0,0.007792563616972781
713,1,1,0.9917049556871161
714,0,0,0.012266527398527006
715,0,0,0.008110398705257094
716,0,0,0.008637771120401884
717,1,1,0.9994149346938582
718,0,0,0.010187881164570842
719,1,1,0.9995746616874941
720,0,0,0.008381061955443428
721,0,0,0.009661380952624999
722,0,0,0.010227433972689258
723,0,0,0.019988801631391977
724,0,0,0.008878608604396246
725,0,0,0.009375066252127544
726,0,0,0.007870936764611355
727,0,0,0.0075148398782962115
728,0,0,0.010679164196693052
729,0,0,0.00963189773249897
730,0,0,0.00815497627786741
731,1,0,0.39404834239755865
732,0,0,0.007977427155448734
733,0,0,0.009521892501277062
734,0,0,0.010535991280848481
735,0,0,0.00815414637477184
736,0,0,0.010240167773535739
737,0,0,0.009394462619350261
738,1,1,0.9994462708166371
739,0,0,0.010148323169734122
740,0,0,0.0077193503164826646
741,0,0,0.009918810553106895
742,0,0,0.008123641197621281
743,0,0,0.0078087143749332386
744,0,0,0.01013415509654867
745,0,0,0.013006739744118642
746,0,0,0.008061077367084666
747,0,0,0.009457494555297761
748,1,1,0.9993797872987443
749,0,0,0.00888504605256343
750,0,0,0.012540560100947793
751,1,0,0.23673089410301526
752,1,1,0.9986817657731728
753,0,0,0.011002570989398016
754,0,0,0.008711565931494393
755,0,0,0.008193918716624934
756,0,0,0.00975062708578148
757,0,0,0.007988008028757466
758,0,0,0.008496129247621047
759,0,0,0.014429464169946725
760,0,0,0.013712443561971457
761,1,1,0.9774245628031578
762,0,0,0.007552571944218533
763,1,1,0.9989652787739708
764,0,0,0.00773518006186571
765,0,0,0.009104839842008284
766,1,1,0.9993069620168662
767,0,0,0.0077252104073495306
768,0,0,0.00752047140064081
769,0,0,0.008398816974169278
770,0,0,0.00796138271823162
771,0,0,0.008636059149689132
772,0,0,0.0076155950189436454
773,0,0,0.010410219437487184
774,0,0,0.007602537678269562
775,0,0,0.010388026436440925
776,0,0,0.010295149897350175
777,0,0,0.008145300627955732
778,0,0,0.00820137487671921
779,0,0,0.008417946274860897
780,0,0,0.009710036154560437
781,0,0,0.0145831065989352
782,0,0,0.007959246944066072
783,0,0,0.019988801631391977
784,1,1,0.9993174893568064
785,0,0,0.008670507144441722
786,0,0,0.00919475286106732
787,0,0,0.009953777187070429
788,1,1,0.9252297580597355
789,1,1,0.9991980097139233
790,0,0,0.008181241228646396
791,0,0,0.00851922408783203
792,0,0,0.009884338151776336
793,0,0,0.009815109220866642
794,0,0,0.010026060629453503
795,0,0,0.01169503645600021
796,0,0,0.008745500794138291
797,1,1,0.9993976230346521
798,0,0,0.008940133857443478
799,0,0,0.009559356792458904
800,0,0,0.0077614297273733875
801,1,1,0.9994422900089078
802,0,0,0.007856050436389594
803,1,1,0.9995663029011961
804,1,1,0.99954707956881
805,0,0,0.007923153462763606
806,0,0,0.013573569165342669
807,0,0,0.008497956011961672
808,0,0,0.009317365596930333
809,0,0,0.008978394462321375
810,0,0,0.009296997177724281
811,0,0,0.007453944530827019
812,0,0,0.020473625623810145
813,1,1,0.9995187565307017
814,0,0,0.009642424179721186
815,1,1,0.9975336724184047
816,0,0,0.008824905803453303
817,0,0,0.009126573549783967
818,0,0,0.03446626977365362
819,0,0,0.037308109914062464
820,0,0,0.008669085626675982
821,0,0,0.008014067518995926
822,0,0,0.20342151146479126
823,1,1,0.9992295748347512
824,1,1,0.9991631313109814
825,0,0,0.008872196787024885
826,0,0,0.009099467018361004
827,0,0,0.01208032291419342
828,0,0,0.007692477327475484
829,0,0,0.007915959084196296
830,0,0,0.009394386280121956
831,1,1,0.9993776495530012
832,0,0,0.008143484477791433
833,1,1,0.999577850685246
834,0,0,0.008327700725362264
835,0,0,0.018358941538152478
836,0,0,0.008069689070707204
837,1,1,0.9994140334175422
838,0,0,0.00807237246815668
839,1,1,0.9994820084671295
840,1,1,0.9995337851948628
841,0,0,0.011002074232119418
842,0,0,0.008657700740718569
843,0,0,0.009170761383549254
844,1,1,0.9994927180197225
845,0,0,0.008151788236627681
846,0,0,0.007668765284529707
847,0,0,0.008911832665968547
848,0,0,0.011304116004687165
849,0,0,0.007670472202413948
850,1,1,0.9994752306208228
851,0,0,0.008974048424188197
852,0,0,0.010267883728957814
853,0,0,0.008635326962050825
854,0,0,0.008399035856093516
855,0,0,0.011558269434066805
856,1,1,0.981551047639856
857,0,0,0.008562420864289473
858,0,0,0.007671031063473963
859,0,0,0.00925073178604037
860,0,0,0.008408747310678312
861,0,0,0.010554749293936162
862,0,0,0.010777728793481345
863,0,0,0.008184332255293282
864,0,0,0.008170450582629505
865,0,0,0.009086330795839597
866,1,1,0.9992798385137455
867,0,0,0.009945616566654034
868,1,1,0.9994610427396463
869,1,0,0.14251387461336398
870,1,1,0.99950008028747
871,0,0,0.009701290256253917
872,0,0,0.008564115331547457
873,0,0,0.00985011148061457
874,0,0,0.008992124006905935
875,0,0,0.007610237578934855
876,1,1,0.9994191930368442
877,0,0,0.008953036746916125
878,1,1,0.9993264090363926
879,1,1,0.9992551679035532
880,1,1,0.9992551679035532
881,1,1,0.9930798421015037
882,0,0,0.007645402891405342
883,0,0,0.009888192644021796
884,0,0,0.009410318979057062
885,0,0,0.008648642522907646
886,0,0,0.012380825133819367
887,0,0,0.007691731681567241
888,0,0,0.008155828239410752
889,0,0,0.019988801631391977
890,0,0,0.01073096179510777
891,0,0,0.007966687677812348
892,0,0,0.008094486473028321
893,0,0,0.019988801631391977
894,0,0,0.009240638594343759
895,0,0,0.0076215927918369475
896,0,0,0.007885882553983401
897,0,0,0.008793428409605562
898,0,0,0.008113456160182794
899,0,0,0.007703594844089765
900,1,1,0.9991718775342079
901,0,0,0.0078127890195031
902,0,0,0.01066572991856832
903,0,0,0.008292004831095632
904,0,0,0.009250713973169173
905,0,0,0.010906806541690248
906,0,0,0.010389090889095997
907,1,1,0.9985236939638592
908,0,0,0.009450826154799578
909,0,0,0.01413211148696991
910,1,1,0.9993920883534404
911,0,0,0.007573915331306528
912,0,0,0.008368063216128476
913,0,0,0.00844662229648454
914,0,0,0.007569072753596851
915,0,0,0.009407191521783478
916,0,0,0.008574373298358733
917,0,0,0.010166875398127731
918,0,0,0.009033520853356972
919,0,0,0.008854363217440262
920,0,0,0.008957858057602052
921,0,0,0.0113281578777419
922,0,0,0.008047620887083454
923,0,0,0.008139787995818114
924,0,0,0.007789857125780087
925,0,0,0.015316665731723923
926,0,0,0.007970151729385335
927,0,0,0.010044794290417863
928,0,0,0.013216574388620379
929,0,0,0.00786151581654072
930,1,1,0.9953345262987909
931,0,0,0.008904353469780357
932,0,0,0.012336995931734606
933,0,0,0.019988801631391977
934,0,0,0.007711965763337024
935,1,1,0.9994239119599422
936,0,0,0.008295423970553975
937,0,0,0.013471118242484021
938,0,0,0.01008485898102089
939,1,1,0.9995261861306377
940,0,0,0.008641235438326263
941,0,0,0.009854525908658625
942,0,0,0.009594240638794297
943,1,1,0.9897716226964016
944,0,0,0.011030671601198028
945,0,0,0.010691548312960004
946,0,0,0.009808242681895942
947,1,1,0.9994293892169271
948,0,0,0.008167290110769193
949,0,0,0.017313139949618837
950,0,0,0.007866039933743038
951,0,0,0.008564069597545732
952,0,0,0.00760942878792792
953,0,0,0.009409260539401106
954,0,0,0.008632443433681481
955,1,0,0.33368557530159915
956,0,0,0.008498866985143466
957,0,0,0.008681036474907037
958,0,0,0.013380433806677952
959,0,0,0.014810686680852548
960,0,0,0.019988801631391977
961,0,0,0.008249789688516432
962,1,1,0.9995417672793314
963,0,0,0.013170910478711911
964,0,0,0.008460760149686075
965,0,0,0.013007850152609792
966,0,0,0.007607161767095723
967,0,0,0.008765672224609814
968,0,0,0.007656267739607464
969,0,0,0.009976095121488907
970,0,0,0.008249307872511737
971,0,0,0.007906058018178199
972,0,0,0.00858824610652777
973,0,0,0.008217128740604106
974,0,0,0.019191712184594225
975,0,0,0.009590568633580423
976,0,0,0.00802852448564368
977,0,0,0.007866852368159172
978,0,0,0.007557288678712659
979,0,0,0.007529149650332823
980,0,0,0.009550973096556906
981,0,0,0.00980689033281952
982,0,0,0.00857375188744472
983,1,1,0.9991013028091239
984,0,0,0.008295321708544044
985,0,0,0.009366623880577492
986,0,0,0.007565075086904253
987,0,0,0.008181163127054018
988,0,0,0.007876764597367608
989,0,0,0.009551856106708716
990,0,0,0.009128717889178087
991,0,0,0.04452604055107709
992,0,0,0.007545152801241492
993,0,0,0.007721079688262983
994,0,0,0.013335026798104263
995,0,0,0.009098826435170146
996,0,0,0.009701725752639275
997,0,0,0.007839352919298308
998,0,0,0.008313411636823325
999,0,0,0.008209443440961172
1000,0,0,0.008577908897420619
1001,0,0,0.010192442925510152
1002,1,1,0.9994685106367447
1003,0,0,0.008172328913825183
1004,0,0,0.007423286879545286
1005,0,0,0.008304923618659449
1006,0,0,0.00851394223978668
1007,1,1,0.9992258445709076
1008,0,0,0.008094332067210677
1009,0,0,0.007810516035249245
1010,0,0,0.007855196280100086
1011,0,0,0.008792924212960141
1012,0,0,0.008085940473270136
1013,0,0,0.00902669142502133
1014,0,0,0.008587219440911373
1015,0,0,0.008320498394456689
1016,0,0,0.008652609118378384
1017,1,1,0.9995478366921008
1018,0,0,0.009000179591924524
1019,0,0,0.007836564918466385
1020,0,0,0.008151566176278139
1021,0,0,0.008354559746287174
1022,1,1,0.997417927613886
1023,0,0,0.008981222808455371
1024,0,0,0.00777459036499804
1025,0,0,0.023990621806076987
1026,0,0,0.011324890477500259
1027,0,0,0.008515225600500402
1028,0,0,0.011430793942994687
1029,0,0,0.0077103263178070125
1030,0,0,0.007522446933209323
1031,0,0,0.011971247171046254
1032,0,0,0.008276460436127082
1033,0,0,0.008766830081934893
1034,0,0,0.008653674843631205
1035,0,0,0.010000457692908962
1036,0,0,0.008472804594186019
1037,0,0,0.019988801631391977
1038,0,0,0.00966673311844462
1039,0,0,0.009216714869874333
1040,0,0,0.008163221837728087
1041,0,0,0.00776630846571651
1042,0,0,0.008069105740231446
1043,0,0,0.008719792607459415
1044,0,0,0.008372784091975808
1045,1,1,0.9778682740201102
1046,0,0,0.009791332046853047
1047,0,0,0.008805733115296003
1048,1,1,0.9962892195559605
1049,0,0,0.008187510836436191
1050,1,1,0.9989750000163776
1051,0,0,0.014297712041258164
1052,0,0,0.007999167858918344
1053,0,0,0.007658704200583491
1054,0,0,0.008348473667287182
1055,0,0,0.009380851725655148
1056,0,0,0.00855044124033324
1057,0,0,0.008088069061899884
1058,0,0,0.008357358362219854
1059,0,0,0.012503074020174823
1060,1,1,0.9990108250711046
1061,0,0,0.010006339401416993
1062,0,0,0.008921525990889818
1063,0,0,0.007655939419043146
1064,1,1,0.9963726819669694
1065,0,0,0.00776649033172822
1066,0,0,0.008549462028024332
1067,0,0,0.013576469485178006
1068,0,0,0.007774432597586024
1069,1,1,0.9989808933273197
1070,0,0,0.009201086362556702
1071,0,0,0.007764372063634729
1072,1,1,0.9995417672793314
1073,1,1,0.999139629976998
1074,0,0,0.011413383628870595
1075,0,0,0.008514242167184279
1076,0,0,0.010037816138395373
1077,0,0,0.020938663464725893
1078,0,0,0.00938659714102683
1079,0,0,0.011408987111479061
1080,0,0,0.009964396952550832
1081,0,0,0.007716606826417613
1082,0,0,0.05851829198827693
1083,0,0,0.01956090147525397
1084,0,0,0.00877669071632403
1085,0,0,0.007574040459224725
1086,0,0,0.009495800565702829
1087,0,0,0.008555137047984407
1088,0,0,0.019988801631391977
1089,1,1,0.9994064362694374
1090,0,0,0.008137692745928847
1091,1,1,0.9995542050276282
1092,0,0,0.007984164146977108
1093,0,0,0.008879499154134446
1094,0,0,0.007759356833061292
1095,0,0,0.007900686474519582
1096,0,0,0.012380825133819367
1097,1,1,0.9979832901116119
1098,0,0,0.0076326671721253835
1099,0,0,0.013926432941638702
1100,0,0,0.008024681362501443
1101,0,0,0.007808056199265288
1102,0,0,0.009136697270954336
1103,0,0,0.010373980836107282
1104,0,0,0.008132855019881369
1105,1,1,0.9993321838490694
1106,0,0,0.008161597921800427
1107,0,0,0.007929473289690934
1108,0,0,0.010006307835453768
1109,0,0,0.008942043385572888
1110,0,0,0.009298651466067358
1111,0,0,0.008072676704517175
1112,0,0,0.00792791567295961
1113,0,0,0.008187651243725032
1114,0,0,0.00799062705367788
1115,0,0,0.00820215011970024
1116,0,0,0.010466562269493442
1117,0,0,0.010131775385661108
1118,1,1,0.9992053927261073
1119,0,0,0.007854548455331421
1120,1,1,0.9977701573419293
1121,0,0,0.0161027792613621
1122,1,1,0.9994140334175422
1123,0,0,0.008949288927703625
1124,0,0,0.007903766191950068
1125,0,0,0.008091812850465771
1126,1,1,0.9976996761547637
1127,0,0,0.008625010994025939
1128,0,0,0.009215409996427512
1129,1,1,0.999461518084586
1130,0,0,0.013176305730809012
1131,0,0,0.008365925414082214
1132,0,0,0.00752047140064081
1133,0,0,0.007903766191950068
1134,0,0,0.008893657304839285
1135,0,0,0.00794594282633013
1136,0,0,0.012887778385593808
1137,1,1,0.7574971187159977
1138,0,0,0.00865472106261135
1139,0,0,0.014066455270671383
1140,0,0,0.010731891506654049
1141,0,0,0.009120359373107009
1142,1,1,0.9992346784713746
1143,0,0,0.0078050053000941165
1144,0,0,0.008387921276900768
1145,0,0,0.0076406005283761675
1146,1,1,0.9986363233587845
1147,0,0,0.015326265560679293
1148,0,0,0.007801651664144943
1149,0,0,0.008592427189688246
1150,0,0,0.011820051540278135
1151,0,0,0.013820445596013236
1152,0,0,0.00752047140064081
1153,0,0,0.007930396981460747
1154,1,1,0.8758485112323195
1155,0,0,0.008252831461527702
1156,0,0,0.007872285804040953
1157,0,0,0.00852032540636813
1158,0,0,0.010075031693397333
1159,0,0,0.008843196199103266
1160,0,0,0.013218223622036035
1161,0,0,0.007906670029473028
1162,0,0,0.010427046072103324
1163,1,1,0.9994494026596357
1164,0,0,0.013166502610398785
1165,0,0,0.010221927267299497
1166,0,0,0.008155880352637677
1167,0,0,0.008875911003807732
1168,0,0,0.011208501981959896
1169,0,0,0.0076817191063751405
1170,0,0,0.008032928875837514
1171,0,0,0.008637365304514349
1172,1,1,0.996500580405074
1173,0,0,0.01165568214471453
1174,0,0,0.008650681499070225
1175,0,0,0.010268913026311447
1176,0,0,0.008298969534013106
1177,0,0,0.008511820836166688
1178,0,0,0.008954350833279025
1179,0,0,0.008571742499054527
1180,0,0,0.008750526914415703
1181,0,0,0.010135929553472397
1182,0,0,0.009925174718997017
1183,0,0,0.007594531265699526
1184,0,0,0.00856021407169519
1185,0,0,0.008151432642040832
1186,0,0,0.010652399804560779
1187,0,0,0.007993189283420028
1188,0,0,0.008136445819230944
1189,0,0,0.008523684279672657
1190,0,0,0.008562749063759515
1191,0,0,0.019988801631391977
1192,0,0,0.00765372656022547
1193,0,0,0.009099887727226452
1194,1,1,0.9994337597797232
1195,0,0,0.007731072223582232
1196,1,1,0.992806317301755
1197,0,0,0.008850279421219652
1198,0,0,0.008110398705257094
1199,0,0,0.008792279871891746
1200,0,0,0.007568721109583783
1201,0,0,0.00914566517928241
1202,0,0,0.009186686510027077
1203,0,0,0.008070534811349893
1204,0,0,0.009239475294582862
1205,1,1,0.9995291039683355
1206,0,0,0.0077090196405898235
1207,1,1,0.9994039953036937
1208,0,0,0.012346641374285514
1209,0,0,0.010534936798663045
1210,0,0,0.01554750300700305
1211,0,0,0.0092446867213706
1212,0,0,0.007905943230411085
1213,0,0,0.009070925080093129
1214,0,0,0.007816571727735241
1215,0,0,0.010945541900910356
1216,0,0,0.007818316367950513
1217,1,1,0.992806317301755
1218,0,0,0.008228815992236528
1219,0,0,0.00899679702613961
1220,0,0,0.013169062937700695
1221,1,1,0.9995033047833927
1222,0,0,0.009226204751489322
1223,0,0,0.007910471828366085
1224,0,0,0.014021846124837978
1225,1,1,0.9994614930103114
1226,0,0,0.010625672924595446
1227,1,1,0.9954505085085268
1228,0,0,0.0078120337631230954
1229,1,1,0.9993510760407066
1230,0,0,0.00783332535245098
1231,0,0,0.008103136278322506
1232,0,0,0.008162541926355812
1233,0,0,0.008163385477779124
1234,0,0,0.007787004408644699
1235,0,0,0.00886748775900056
1236,0,0,0.0145831065989352
1237,0,0,0.010335898530239643
1238,0,0,0.009632054411732767
1239,0,0,0.008415334337219768
1240,0,0,0.008996148459728672
1241,0,0,0.010591438134118007
1242,0,0,0.008101350260585866
1243,0,0,0.008685680996083365
1244,0,0,0.011290859013328715
1245,0,0,0.008177137682323766
1246,0,0,0.014582017591203795
1247,0,0,0.009635025285594052
1248,0,0,0.00773048223544456
1249,0,0,0.008280707201976573
1250,0,0,0.012685298135272794
1251,0,0,0.008517668484122982
1252,1,1,0.9978702821375186
1253,0,0,0.007670523144275388
1254,0,0,0.007631648822821864
1255,0,0,0.009638894721755603
1256,0,0,0.008536435102965817
1257,0,0,0.00794654221287591
1258,0,0,0.008459786780401284
1259,0,0,0.00990225195576539
1260,0,0,0.05235254486249629
1261,0,0,0.01642706559707648
1262,0,0,0.008127094755908308
1263,1,1,0.9976540526082359
1264,0,0,0.007737430751572495
1265,0,0,0.01006720156036098
1266,0,0,0.00898440297272366
1267,0,0,0.008331186063710942
1268,0,0,0.008386443442286735
1269,1,0,0.39364116696394413
1270,0,0,0.011158459309091555
1271,0,0,0.00888217228700322
1272,0,0,0.008115347786567684
1273,0,0,0.007761906218285115
1274,1,1,0.998424064977265
1275,0,0,0.008124722082161237
1276,0,0,0.011069861567952418
1277,0,0,0.008012801104268023
1278,0,0,0.008779843082068568
1279,0,0,0.008171997149447939
1280,0,0,0.008924655828586084
1281,0,0,0.009033731544628913
1282,0,0,0.010257010638900076
1283,0,0,0.009653970788112726
1284,0,0,0.008408192961469158
1285,0,0,0.007761906218285115
1286,0,0,0.009546546537602025
1287,0,0,0.008639837003426147
1288,0,0,0.008730325117868839
1289,0,0,0.009315698655692456
1290,0,0,0.15508920874750382
1291,0,0,0.008624244281180018
1292,0,0,0.007883928641504251
1293,0,0,0.008550573620993235
1294,0,0,0.008627449609890217
1295,0,0,0.008179308707029112
1296,0,0,0.007823105980727682
1297,0,0,0.008307298596295724
1298,0,0,0.011813965147578064
1299,0,0,0.029558834606045668
1300,0,0,0.00994530135605376
1301,0,0,0.008783198478250497
1302,0,0,0.008156208442763517
1303,0,0,0.008753867535857331
1304,0,0,0.008398816974169278
1305,0,0,0.008144750433221281
1306,0,0,0.010757126998637423
1307,1,1,0.9983051540777361
1308,1,1,0.9994555498083111
1309,0,0,0.009261998213109987
1310,0,0,0.010067884365327106
1311,0,0,0.007802725255059501
1312,0,0,0.010125563113052594
1313,0,0,0.014266927362780492
1314,0,0,0.012273514605407272
1315,0,0,0.007697511738477672
1316,0,0,0.00830808394464867
1317,0,0,0.008108812217021442
1318,1,1,0.9972717827159121
1319,0,0,0.007761906218285115
1320,0,0,0.009194193462543132
1321,0,0,0.008384229715220657
1322,0,0,0.008086766998541228
1323,0,0,0.008621717460354016
1324,0,0,0.013439405197131916
1325,0,0,0.010759438144921796
1326,0,0,0.008436917343542684
1327,0,0,0.00867229386342005
1328,1,1,0.9764691378836675
1329,0,0,0.0086823770458292
1330,0,0,0.008123535749038662
1331,0,0,0.007982253273134808
1332,0,0,0.007988607871302135
1333,0,0,0.007751527685079746
1334,0,0,0.007937643852129092
1335,0,0,0.0080825236569423
1336,0,0,0.009369327961175216
1337,0,0,0.009797997118780885
1338,0,0,0.00857277949822253
1339,0,0,0.0080878648288118
1340,0,0,0.010858355553685561
1341,0,0,0.010155590539925931
1342,0,0,0.008535116934557791
1343,0,0,0.007977816949040935
1344,0,0,0.007834608717116444
1345,0,0,0.019988801631391977
1346,0,0,0.008701875300452555
1347,0,0,0.00821316391161767
1348,0,0,0.008516644513364027
1349,0,0,0.009506397099293257
1350,1,1,0.9978749942287908
1351,0,0,0.00852431452495461
1352,0,0,0.008008603016143008
1353,0,0,0.014452874489179117
1354,0,0,0.0077137850865994905
1355,0,0,0.009327287276954145
1356,0,0,0.011408987111479061
1357,0,0,0.009926978435268038
1358,0,0,0.007604949912970872
1359,0,0,0.008017572589456241
1360,0,0,0.007518916155000216
1361,0,0,0.008145475844591845
1362,0,0,0.008515783259571254
1363,0,0,0.010056200516272795
1364,0,0,0.010082109726660383
1365,0,0,0.008041661207056515
1366,1,1,0.9993409129897008
1367,0,0,0.013273178328415085
1368,0,0,0.008139906022342366
1369,0,0,0.00794723995524958
1370,0,0,0.00852027663032599
1371,0,0,0.008096532907069387
1372,0,0,0.008645985966099992
1373,0,0,0.010874431961157564
1374,1,1,0.9984551963804769
1375,1,1,0.9993703450415038
1376,0,0,0.009994212035888147
1377,0,0,0.009339816287490449
1378,1,1,0.9993725328315518
1379,0,0,0.008554303024884921
1380,1,1,0.9995033047833927
1381,0,0,0.01226964795794673
1382,0,0,0.013760843700024688
1383,0,0,0.008368298766101552
1384,0,0,0.013565710979305713
1385,0,0,0.02048723117767143
1386,0,0,0.007970352982095735
1387,0,0,0.00851166779669687
1388,0,0,0.007707372132988084
1389,0,0,0.008011058970245559
1390,0,0,0.007811646223960115
1391,0,0,0.00829599650677003
1392,0,0,0.008533918729391424
1393,0,0,0.008199295888922747
1394,0,0,0.0079268707730811
1395,0,0,0.007978696157770158
1396,0,0,0.00950345155380494
1397,0,0,0.009598256577287438
1398,0,0,0.007796051322741852
1399,0,0,0.008965927324842882
1400,0,0,0.015157667965548044
1401,0,0,0.00892404599028696
1402,0,0,0.008850360478254186
1403,0,0,0.015157667965548044
1404,0,0,0.009272020883037779
1405,0,0,0.00813913804069093
1406,0,0,0.012141378642086571
1407,1,1,0.999365550769208
1408,0,0,0.0109621988845453
1409,0,0,0.00832410983416142
1410,0,0,0.012202186141364738
1411,0,0,0.01639457819736255
1412,0,0,0.008498092037249537
1413,0,0,0.009176611668112537
1414,1,1,0.9995003184068386
1415,0,0,0.00973804552264405
1416,0,0,0.01151491469307402
1417,0,0,0.008691806549493255
1418,0,0,0.007870434493385033
1419,0,0,0.015373785361072605
1420,0,0,0.008129992467606548
1421,0,0,0.056129773992992155
1422,0,0,0.010554510851935844
1423,1,1,0.9995478156156976
1424,0,0,0.007961125907834418
1425,0,0,0.010922574693565685
1426,0,0,0.007531474474885597
1427,0,0,0.007761906218285115
1428,0,0,0.007857976412187922
1429,0,0,0.007977791962080939
1430,1,1,0.588634560479855
1431,0,0,0.007964921977479536
1432,0,0,0.008499570827524634
1433,0,0,0.009190025543264656
1434,0,0,0.008960383703811765
1435,0,0,0.008194466372268668
1436,0,0,0.008566558451743337
1437,0,0,0.008377528899348927
1438,0,0,0.007665355772004813
1439,0,0,0.009881500371709062
1440,0,0,0.00834740091912232
1441,0,0,0.008569225553849646
1442,0,0,0.00790007050126254
1443,0,0,0.008094961561742942
1444,1,1,0.9995032887092056
1445,0,0,0.019988801631391977
1446,0,0,0.014440637093493455
1447,0,0,0.007989220045179482
1448,0,0,0.008086766087631512
1449,1,1,0.9959615316353861
1450,0,0,0.008488337136082042
1451,0,0,0.0755378428539417
1452,0,0,0.009561415549142707
1453,0,0,0.008239100766937782
1454,0,0,0.010368509538178451
1455,0,0,0.008120367192568333
1456,1,1,0.9993699731056268
1457,0,0,0.007619889109623895
1458,1,0,0.45848697941300526
1459,0,0,0.02852078859716867
1460,1,1,0.9856620225400186
1461,0,0,0.01002068779507657
1462,0,0,0.009852630393732027
1463,1,1,0.9994285208254201
1464,0,0,0.00754715255842499
1465,0,0,0.007626831159757701
1466,1,1,0.9994357822983939
1467,0,0,0.007849403064245399
1468,0,0,0.009222247034297958
1469,1,1,0.7010252997579638
1470,0,0,0.01482519810401832
1471,0,0,0.010976455944464567
1472,0,0,0.010706449305367464
1473,0,0,0.008770163532807981
1474,0,0,0.008160864168802929
1475,0,0,0.009317798895895605
1476,0,0,0.0077085114494820795
1477,0,0,0.00814689252680057
1478,0,0,0.009448474344049282
1479,0,0,0.008331775285780387
1480,0,0,0.008214529948023627
1481,0,0,0.010757172448715706
1482,0,0,0.009808847041200658
1483,0,0,0.007761906218285115
1484,0,0,0.010310492031297911
1485,0,0,0.00752047140064081
1486,0,0,0.007608708376577378
1487,0,0,0.008598260395496188
1488,0,0,0.009462607951286011
1489,0,0,0.008268226821854487
1490,0,0,0.011473723214085792
1491,0,0,0.007539835842081727
1492,1,1,0.9994933009861586
1493,0,0,0.008826305499398815
1494,0,0,0.009374743464345301
1495,0,0,0.011375303068310898
1496,0,0,0.008163471193141113
1497,0,0,0.02464536521174336
1498,0,0,0.00810791778443281
1499,0,0,0.008172002642925018
1500,1,1,0.9803499538730234
1501,0,0,0.019988801631391977
1502,1,1,0.9994408555804564
1503,0,0,0.007939289799565109
1504,0,0,0.007412289059747487
1505,0,0,0.008121540680488558
1506,0,0,0.06419067727757095
1507,1,1,0.9723552578658764
1508,0,0,0.009176611668112537
1509,0,0,0.009360972647958253
1510,0,0,0.00791165533782625
1511,0,0,0.010410143626440932
1512,0,0,0.007943673293454193
1513,0,0,0.008186154242491599
1514,0,0,0.008908525266839733
1515,0,0,0.015598028786320287
1516,0,0,0.009918250013578964
1517,0,0,0.007683734842349899
1518,1,1,0.9990161606703796
1519,0,0,0.008154674769522382
1520,0,0,0.012496968020592051
1521,1,1,0.9995441060809149
1522,0,0,0.008933152941980818
1523,0,0,0.0076792525749678694
1524,0,0,0.007905946629308937
1525,0,0,0.010438434372397064
1526,0,0,0.009315521337660866
1527,0,0,0.008037016305897256
1528,0,0,0.010268496185407764
1529,0,0,0.007987652236508316
1530,0,0,0.019309354971136537
1531,0,0,0.008865895457514606
1532,0,0,0.007924616273270051
1533,0,0,0.007653571785048613
1534,0,0,0.01117085292324135
1535,0,0,0.008429394001523611
1536,1,1,0.9994498542114815
1537,0,0,0.009909349943330197
1538,0,0,0.008381953395003031
1539,0,0,0.0189871432608592
1540,0,0,0.00818046199304735
1541,0,0,0.00787567862770556
1542,0,0,0.009624586241170125
1543,0,0,0.00914605829871584
1544,1,1,0.9992927692082108
1545,0,0,0.012522793586832608
1546,0,0,0.007823473656469928
1547,0,0,0.010733619512956016
1548,0,0,0.007877844979932885
1549,0,0,0.007831868459396948
1550,0,0,0.008611504912981838
1551,0,0,0.008921937672492622
1552,0,0,0.010963126385106499
1553,0,0,0.019988801631391977
1554,0,0,0.007917052880449903
1555,0,0,0.0094524223092159
1556,0,0,0.014958873058565072
1557,0,0,0.008326170660535944
1558,0,0,0.007933107175641276
1559,0,0,0.016351531109663933
1560,0,0,0.009940158803330728
1561,0,0,0.008914210532405445
1562,0,0,0.009856421845752365
1563,0,0,0.008663017952340984
1564,0,0,0.010865617458466282
1565,0,0,0.011323340098612827
1566,0,0,0.0075472059087360755
1567,0,0,0.00891073464650592
1568,0,0,0.009504544210430274
1569,0,0,0.02596953328805478
1570,0,0,0.008441058259647274
1571,0,0,0.008092282779165806
1572,0,0,0.010201458519352674
1573,1,1,0.9994846791581817
1574,1,1,0.9994620740333303
1575,0,0,0.007703958273318311
1576,0,0,0.008703583580732104
1577,0,0,0.012685940286922515
1578,0,0,0.007878748138740111
1579,0,0,0.007443194051758601
1580,0,0,0.011632812536831842
1581,0,0,0.008691779809485895
1582,0,0,0.010025406836305316
1583,0,0,0.00804359019678142
1584,0,0,0.007452736140530323
1585,0,0,0.00752047140064081
1586,0,0,0.007540444806035029
1587,0,0,0.019180540475095854
1588,0,0,0.007814168172282459
1589,0,0,0.009793908726976833
1590,0,0,0.008546692734406329
1591,0,0,0.008492523970608212
1592,0,0,0.019988801631391977
1593,0,0,0.009210764396608742
1594,1,1,0.9994580423201721
1595,0,0,0.008428834168681185
1596,0,0,0.011656957629469656
1597,1,1,0.9987039962573423
1598,1,1,0.9995295232436144
1599,0,0,0.008726760968044874
1600,0,0,0.008248366521318736
1601,0,0,0.020135328214771934
1602,0,0,0.007624110310906171
1603,0,0,0.007663184848639292
1604,0,0,0.007917562162706898
1605,0,0,0.015283434953901835
1606,0,0,0.010941048702961712
1607,0,0,0.007615373877072021
1608,0,0,0.007726648188195394
1609,0,0,0.007687160627098156
1610,0,0,0.00842005265027546
1611,0,0,0.008019540514988698
1612,0,0,0.019988801631391977
1613,1,1,0.9993917596236779
1614,0,0,0.010633407931919333
1615,0,0,0.01876173804749182
1616,0,0,0.008040534483265917
1617,0,0,0.007819698401572985
1618,0,0,0.012579659979759909
1619,0,0,0.008030964886918887
1620,0,0,0.021197856877008495
1621,0,0,0.0084132078985025
1622,0,0,0.010277422062053412
1623,1,1,0.9992551679035532
1624,0,0,0.008321070312839931
1625,1,1,0.9940422957793454
1626,0,0,0.007929378727117204
1627,0,0,0.00784486905743671
1628,1,1,0.9986677724125793
1629,0,0,0.008170394683608105
1630,0,0,0.009223648562159497
1631,0,0,0.008174976794173302
1632,0,0,0.009559137633015418
1633,0,0,0.008361134531806492
1634,0,0,0.007923946630411894
1635,1,1,0.9994860435212635
1636,0,0,0.00810703948836632
1637,0,0,0.007710937169598369
1638,1,1,0.5213769973450072
1639,0,0,0.011274713367687332
1640,1,1,0.9632911231541802
1641,0,0,0.011724006472974134
1642,0,0,0.008018767039301104
1643,0,0,0.009101097181776489
1644,0,0,0.023827649442287407
1645,0,0,0.012538056805434147
1646,0,0,0.008626973167118216
1647,0,0,0.008088912740756198
1648,0,0,0.007699722805885589
1649,0,0,0.007711901609571314
1650,0,0,0.010518319763313893
1651,0,0,0.007803214735835902
1652,0,0,0.00789211294264412
1653,1,1,0.9994590101060142
1654,0,0,0.007853942656316027
1655,0,0,0.009104839842008284
1656,0,0,0.008213760719815121
1657,0,0,0.009524612458388359
1658,0,0,0.008995892821156759
1659,1,1,0.9993225910284731
1660,0,0,0.008058292749698626
1661,0,0,0.012619076416952523
1662,0,0,0.007607591172591591
1663,1,1,0.8667930009411603
1664,0,0,0.008701875300452555
1665,0,0,0.013283908875518478
1666,0,0,0.00777593555010298
1667,0,0,0.00991028088259432
1668,0,0,0.008104173937734788
1669,0,0,0.008163263582313434
1670,0,0,0.009961671650204305
1671,0,0,0.008802986060111569
1672,0,0,0.10377168955505793
1673,1,1,0.9995582511609233
1674,1,1,0.9372611994552339
1675,0,0,0.011468072651460779
1676,0,0,0.007868669179472935
1677,0,0,0.0075520364669246914
1678,0,0,0.008088411206344367
1679,0,0,0.015549743002378495
1680,0,0,0.011381803771581791
1681,0,0,0.008020958622839008
1682,0,0,0.009900948283710314
1683,0,0,0.008213842919033843
1684,0,0,0.012108677935249185
1685,0,0,0.009800257020354593
1686,0,0,0.008565250934897217
1687,1,1,0.9992647193068319
1688,1,1,0.9993923017638014
1689,0,0,0.014174384594426138
1690,0,0,0.010556022312970542
1691,1,1,0.9993373956907982
1692,0,0,0.008488109812717977
1693,0,0,0.008482902618087537
1694,0,0,0.009319939770213235
1695,0,0,0.007929684327741129
1696,0,0,0.007849420975208599
1697,0,0,0.008102213065481687
1698,0,0,0.00790700904697397
1699,1,1,0.9983314634571185
1700,0,0,0.007761906218285115
1701,0,0,0.009277781092209558
1702,0,0,0.007581050022755633
1703,0,0,0.017930777729544975
1704,0,0,0.012177504962607595
1705,0,0,0.008070480576251529
1706,0,0,0.009983541774502471
1707,0,0,0.009063312334951897
1708,0,0,0.008052270928820847
1709,0,0,0.008008062082855734
1710,0,0,0.008075880184297881
1711,0,0,0.009652295379340568
1712,0,0,0.009164749690766692
1713,0,0,0.010616601209720473
1714,1,1,0.9984522477293306
1715,0,0,0.008480958582023326
1716,0,0,0.009446936544133021
1717,0,0,0.007740959124054339
1718,1,1,0.9984795220787033
1719,0,0,0.01237747337757142
1720,0,0,0.008171607038115739
1721,0,0,0.02852078859716867
1722,0,0,0.007947450273017952
1723,0,0,0.007897503667520048
1724,0,0,0.009458199210015252
1725,0,0,0.00784476191780339
1726,0,0,0.007590797670783171
1727,0,0,0.00803820830729114
1728,0,0,0.009058295822794089
1729,0,0,0.011713743916860989
1730,0,0,0.008014402534129193
1731,0,0,0.0079725264948651
1732,0,0,0.01011215602449167
1733,0,0,0.008522959154938954
1734,1,1,0.9993559284955571
1735,0,0,0.007516351608273164
1736,0,0,0.012182376979907584
1737,0,0,0.00851378236071385
1738,0,0,0.008398816974169278
1739,0,0,0.008927357637186242
1740,0,0,0.012170355149215127
1741,1,1,0.9993246874915991
1742,0,0,0.009874772297049087
1743,0,0,0.00917740424064151
1744,0,0,0.009106245006907671
1745,1,1,0.9990730353476442
1746,0,0,0.010379322017612607
1747,0,0,0.008505021245310461
1748,0,0,0.008636946802393639
1749,0,0,0.007714552837960511
1750,0,0,0.008084050540178285
1751,0,0,0.007972865646015435
1752,0,0,0.012282911709941531
1753,0,0,0.010037470218911793
1754,0,0,0.007950203512642588
1755,0,0,0.016349450961193033
1756,0,0,0.008537494316429679
1757,0,0,0.008117868045185701
1758,0,0,0.007994786211611617
1759,0,0,0.01564923448029236
1760,0,0,0.00963485075445078
1761,0,0,0.00868624429622833
1762,0,0,0.007642327829347159
1763,0,0,0.008905998628602299
1764,0,0,0.010851788130210524
1765,1,1,0.9993384634197174
1766,0,0,0.02638387267950089
1767,1,1,0.9994717666179048
1768,0,0,0.008058984959614508
1769,0,0,0.009680202953916467
1770,0,0,0.007671521549706603
1771,0,0,0.011560950598135717
1772,0,0,0.009329637473489832
1773,0,0,0.00774587355869693
1774,0,0,0.008322040192817817
1775,0,0,0.009313825508053713
1776,0,0,0.008904993047926418
1777,1,1,0.9963013164566217
1778,1,1,0.9991721205362208
1779,0,0,0.01482519810401832
1780,1,1,0.9992740366146988
1781,1,1,0.9994339946905114
1782,0,0,0.007634639777810691
1783,0,0,0.010174745382590413
1784,0,0,0.012419786855440823
1785,0,0,0.007814168172282459
1786,0,0,0.008243890214331752
1787,0,0,0.010537822979355148
1788,0,0,0.008727542862888373
1789,0,0,0.013615224672779414
1790,0,0,0.008074559560362491
1791,0,0,0.015505467990813223
1792,0,0,0.008389778539781572
1793,1,1,0.999403571628591
1794,0,0,0.008687652338669173
1795,0,0,0.008840823622053108
1796,0,0,0.007672713326604481
1797,0,0,0.008151395427065989
1798,0,0,0.01301879038358585
1799,0,0,0.008911565480768453
1800,0,0,0.017533724434580965
1801,0,0,0.007930193419223127
1802,0,0,0.009625077686340711
1803,0,0,0.00759678497339555
1804,0,0,0.012332748102869422
1805,0,0,0.007572299006049867
1806,0,0,0.008049810364332053
1807,1,1,0.9992840358135748
1808,0,0,0.008239159902670934
1809,0,0,0.008033138145207067
1810,0,0,0.00812360060220464
1811,0,0,0.009486120859260337
1812,0,0,0.007736404390775226
1813,0,0,0.008943597312736622
1814,0,0,0.017269604980545628
1815,0,0,0.008250286013387516
1816,0,0,0.007830860394619835
1817,0,0,0.00923144860623833
1818,0,0,0.009637113806803634
1819,0,0,0.02297207273941568
1820,0,0,0.007506209057118843
1821,0,0,0.00759832898513016
1822,0,0,0.007650919595278596
1823,0,0,0.009697040598372108
1824,0,0,0.007721359413432416
1825,0,0,0.010356494799186693
1826,0,0,0.00877669071632403
1827,0,0,0.00754513281600043
1828,0,0,0.011971858405787884
1829,0,0,0.00777459036499804
1830,1,1,0.9959453959742706
1831,0,0,0.008052585714778479
1832,0,0,0.008097609626630435
1833,0,0,0.010327071484655623
1834,0,0,0.00787567862770556
1835,0,0,0.00990027882046852
1836,0,0,0.019988801631391977
1837,0,0,0.010914336611055675
1838,0,0,0.015776476208538993
1839,1,1,0.9987839811090743
1840,0,0,0.007930566066575093
1841,0,0,0.00811025780200535
1842,0,0,0.009399434928508674
1843,0,0,0.007919188244376488
1844,0,0,0.008745395312589554
1845,0,0,0.008649515392310068
1846,0,0,0.008129527579701656
1847,0,0,0.013655517131059816
1848,1,1,0.9993012823735992
1849,0,0,0.008137452447625195
1850,0,0,0.008066483332914778
1851,0,0,0.008054346141115418
1852,0,0,0.008556043293113944
1853,1,1,0.999527645226862
1854,0,0,0.007613718437569487
1855,0,0,0.008448136861526479
1856,0,0,0.011039541118777892
1857,0,0,0.008275400166849444
1858,0,0,0.00879994551232092
1859,0,0,0.009802995223666528
1860,0,0,0.008111433765370017
1861,0,0,0.0076825241830069235
1862,0,0,0.00839397340210095
1863,0,0,0.007543750386784625
1864,0,0,0.00786719475043534
1865,0,0,0.008069428025169866
1866,0,0,0.010037413497923262
1867,0,0,0.007928377299569012
1868,0,0,0.008164870052247185
1869,0,0,0.010215830141986461
1870,0,0,0.008842072260781906
1871,0,0,0.008871136738332962
1872,0,0,0.008328024767667188
1873,0,0,0.007767182440504809
1874,1,1,0.9995791412568793
1875,1,1,0.9572620714284233
1876,1,1,0.9993093088120717
1877,0,0,0.009329637473489832
1878,0,0,0.008521255223883717
1879,0,0,0.012649145415129152
1880,1,1,0.9992551679035532
1881,0,0,0.008942455461056112
1882,0,0,0.008403961707859377
1883,0,0,0.010045989409458713
1884,0,0,0.007649281789563376
1885,0,0,0.010406623921527332
1886,0,0,0.008210916373660728
1887,1,1,0.9994589116884345
1888,1,1,0.9994631615072447
1889,0,0,0.008357413359424306
1890,0,0,0.008822907845815303
1891,0,0,0.007613585114819647
1892,0,0,0.008640887763493102
1893,1,1,0.5054121062102958
1894,0,0,0.007988607871302135
1895,1,1,0.9851038412029642
1896,0,0,0.008699595256247266
1897,0,0,0.007828998450921805
1898,0,0,0.007808562714686554
1899,0,0,0.00829727388862058
1900,0,0,0.007702848311625426
1901,0,0,0.01144662769075377
1902,0,0,0.00752047140064081
1903,0,0,0.008603114462602993
1904,1,1,0.9994836969486478
1905,0,0,0.008878575078762897
1906,0,0,0.009926605485035229
1907,0,0,0.017768342293869727
1908,0,0,0.00816640896255126
1909,0,0,0.009206793919269811
1910,0,0,0.009023270934890429
1911,0,0,0.009263448572383221
1912,0,0,0.007997977130022984
1913,0,0,0.011437494775154905
1914,0,0,0.009762360479529107
1915,1,1,0.9990745194586842
1916,0,0,0.009824120135654247
1917,0,0,0.01331419322030412
1918,0,0,0.007583486278342359
1919,0,0,0.00965459987329294
1920,0,0,0.007791076627096373
1921,0,0,0.007956314990009029
1922,0,0,0.016910303022620296
1923,0,0,0.007700318559667861
1924,0,0,0.008630070166939284
1925,0,0,0.007761906218285115
1926,0,0,0.007517211853400484
1927,0,0,0.007995735129575514
1928,0,0,0.009693835830650846
1929,1,1,0.9991695676478158
1930,1,1,0.999514467256064
1931,0,0,0.014811938839487069
1932,0,0,0.007982373217526586
1933,0,0,0.009202237076236953
1934,0,0,0.019988801631391977
1935,0,0,0.008018498611078223
1936,0,0,0.007774317857255742
1937,0,0,0.010043159035366412
1938,0,0,0.011366062185782722
1939,0,0,0.010232374468980714
1940,1,1,0.7267245722917421
1941,0,0,0.0084300894425453
1942,1,1,0.9993701911360447
1943,0,0,0.008546036383458395
1944,0,0,0.008152712138233023
1945,0,0,0.007671363875292643
1946,0,0,0.00963766498298312
1947,0,0,0.01047099953166684
1948,0,0,0.010274859994292621
1949,0,0,0.008398816974169278
1950,0,0,0.018437906515572398
1951,0,0,0.009111093624872724
1952,0,0,0.007683627910336782
1953,0,0,0.008583712161454524
1954,0,0,0.008493913608060663
1955,0,0,0.007751963480910266
1956,0,0,0.008753583842469029
1957,0,0,0.008546036383458395
1958,0,0,0.009937190981759715
1959,0,0,0.007977963446252243
1960,0,0,0.010363296587389822
1961,1,1,0.997417927613886
1962,0,0,0.008077078110267283
1963,1,1,0.9990919885272045
1964,0,0,0.01031607936372531
1965,0,0,0.011276369813493852
1966,0,0,0.008110572247905462
1967,0,0,0.008370845357748843
1968,0,0,0.010565277641589804
1969,0,0,0.008446494486829187
1970,1,1,0.99954707956881
1971,0,0,0.008793452115199815
1972,0,0,0.009050656816371468
1973,0,0,0.008084234081043444
1974,0,0,0.01317502037015357
1975,0,0,0.009094559366563662
1976,0,0,0.009960800457564875
1977,0,0,0.00782178577454828
1978,1,1,0.9993645635466719
1979,0,0,0.010609342088370593
1980,0,0,0.009243264816653742
1981,0,0,0.00752047140064081
1982,0,0,0.007419084692731131
1983,0,0,0.007902630250107925
1984,0,0,0.009747047668000155
1985,1,1,0.9994379751581143
1986,0,0,0.0077363437099694544
1987,0,0,0.013297193123758645
1988,0,0,0.023859217508598093
1989,0,0,0.00752047140064081
1990,0,0,0.00962518738865656
1991,0,0,0.007882578989594201
1992,0,0,0.008036529348075114
1993,1,1,0.9993562975345588
1994,0,0,0.00866194128072496
1995,0,0,0.019988801631391977
1996,0,0,0.00891605580349926
1997,0,0,0.008998840070071488
1998,0,0,0.010881302267094313
1999,0,0,0.0077435404344834945
2000,0,0,0.009336209467745979
2001,0,0,0.007845661212788848
2002,0,0,0.01277459088702866
2003,1,1,0.8696154337339077
2004,0,0,0.012229810286231645
2005,0,0,0.008137692745928847
2006,0,0,0.023094163832699785
2007,0,0,0.00844511390973962
2008,0,0,0.008680553866496655
2009,0,0,0.02276301943486484
2010,0,0,0.007622389837229075
2011,0,0,0.007904637728433422
2012,0,0,0.007739406588377207
2013,0,0,0.010515529686750126
2014,1,1,0.9993986661724023
2015,0,0,0.01342973633680373
2016,0,0,0.008495695467110116
2017,0,0,0.010073698175104394
2018,0,0,0.008466604294344541
2019,0,0,0.008685144030471536
2020,0,0,0.00964767480275561
2021,0,0,0.008577451594462564
2022,0,0,0.007718584683797538
2023,1,1,0.9994280965396896
2024,0,0,0.008964463590443747
2025,0,0,0.008766745988290543
2026,0,0,0.008760264319137479
2027,0,0,0.008126536023868383
2028,0,0,0.00904931691534768
2029,0,0,0.013533052804694827
2030,0,0,0.00873339722362564
2031,0,0,0.008301078622668238
2032,0,0,0.008243839763901716
2033,0,0,0.01832333424933529
2034,0,0,0.008511034643335344
2035,0,0,0.011618335074996164
2036,0,0,0.010149981777783597
2037,0,0,0.007714525041826084
2038,0,0,0.007706361885411251
2039,0,0,0.007854507326065187
2040,0,0,0.010232276493278753
2041,0,0,0.009946392285459979
2042,0,0,0.008656568739394953
2043,0,0,0.009775039390949062
2044,1,1,0.9993408896132803
2045,0,0,0.015225904052950517
2046,0,0,0.009595703642974076
2047,0,0,0.007557720483381014
2048,0,0,0.008003815255830861
2049,0,0,0.009555602846703416
2050,0,0,0.012670475381203734
2051,0,0,0.008640854939724097
2052,0,0,0.008171716011565869
2053,1,1,0.9991587639041198
2054,0,0,0.008542184278454436
2055,0,0,0.007696512036355884
2056,0,0,0.008681677182276436
2057,0,0,0.16940281734613424
2058,0,0,0.009577835198644455
2059,0,0,0.010267681374062374
2060,0,0,0.008358521412872567
2061,0,0,0.007733843960933121
2062,0,0,0.007987444097105924
2063,0,0,0.009360354883970084
2064,1,1,0.9994828680594354
2065,0,0,0.01179218745025732
2066,0,0,0.007953114974295652
2067,0,0,0.009226204751489322
2068,0,0,0.009439088654441962
2069,0,0,0.008114746183805395
2070,1,1,0.9994860435212635
2071,1,1,0.9848693419434575
2072,0,0,0.007867341199480064
2073,0,0,0.013797645524927809
2074,1,1,0.999436462952661
2075,0,0,0.007613891896011786
2076,0,0,0.007670037333169592
2077,0,0,0.009770413450576759
2078,0,0,0.007726849775995116
2079,1,1,0.9984584677683151
2080,0,0,0.009045555948204607
2081,0,0,0.016961007706346093
2082,0,0,0.00816262085448041
2083,0,0,0.010139330888074987
2084,0,0,0.008452053031752697
2085,0,0,0.009507321181816795
2086,0,0,0.009282662179824373
2087,0,0,0.00900492831027931
2088,0,0,0.016613210529100926
2089,1,1,0.999471512575865
2090,0,0,0.007495033705357367
2091,0,0,0.011356389879220512
2092,0,0,0.018945015117350365
2093,0,0,0.007712405505985604
2094,1,1,0.9994367563837029
2095,1,1,0.9993740431940454
2096,0,0,0.008041728742267254
2097,0,0,0.019988801631391977
2098,0,0,0.009769010182502395
2099,0,0,0.007960109401063932
2100,1,1,0.9994349627369898
2101,0,0,0.008175598620496232
2102,0,0,0.007796158045696664
2103,0,0,0.0155537440305245
2104,0,0,0.009819583683559776
2105,0,0,0.00947985698664302
2106,0,0,0.01308923386347431
2107,0,0,0.008369948626139736
2108,0,0,0.007760138909769151
2109,1,1,0.9978749942287908
2110,0,0,0.0075886024581689315
2111,0,0,0.013369518709946513
2112,0,0,0.007651528125828328
2113,1,1,0.9995315984433915
2114,0,0,0.007909694265836414
2115,1,1,0.9993438482692883
2116,0,0,0.008287977606295826
2117,0,0,0.011905479029446737
2118,0,0,0.008743282410358304
2119,1,1,0.9994309191952747
2120,0,0,0.008781339589850364
2121,0,0,0.00902594143378388
2122,0,0,0.008733418083360152
2123,0,0,0.010399656014966579
2124,1,1,0.9995239310560997
2125,0,0,0.009409260539401106
2126,0,0,0.0077801905657706285
2127,0,0,0.008124588097764687
2128,0,0,0.010107398969860916
2129,0,0,0.009329840716376244
2130,0,0,0.009641921791343827
2131,0,0,0.008365782531569823
2132,0,0,0.013025647467467387
2133,1,1,0.9994054325326219
2134,0,0,0.00776226752754203
2135,0,0,0.00980689033281952
2136,0,0,0.009014410080842406
2137,0,0,0.009764510341711344
2138,0,0,0.010941048702961712
2139,0,0,0.010851315225119186
2140,0,0,0.008979737629474493
2141,0,0,0.008810152436078808
2142,0,0,0.008543408725061642
2143,0,0,0.019988801631391977
2144,0,0,0.01317261759635296
2145,1,1,0.9854445488248013
2146,1,1,0.9993438482692883
2147,0,0,0.01991920575774428
2148,0,0,0.007836421414152563
2149,0,0,0.00792996902675145
2150,0,0,0.007717755002762037
2151,0,0,0.015563323554965638
2152,0,0,0.007958452440977
2153,0,0,0.015249530942275779
2154,0,0,0.008097834660225185
2155,0,0,0.010534605288385028
2156,0,0,0.012350780464240277
2157,0,0,0.008021436288341765
2158,0,0,0.007962328822779583
2159,0,0,0.008115939653250444
2160,1,1,0.9994921093580134
2161,0,0,0.008421694682448678
2162,0,0,0.03184814073088443
2163,0,0,0.010874431961157564
2164,0,0,0.008193558238545562
2165,0,0,0.008588987621144158
2166,0,0,0.008056513019742603
2167,0,0,0.008372784613860224
2168,0,0,0.008152436893069577
2169,0,0,0.018140566045023114
2170,1,1,0.9994191930368442
2171,0,0,0.009659729006483335
2172,0,0,0.008110081698081903
2173,0,0,0.07827044306050858
2174,0,0,0.008895776659173567
2175,0,0,0.009082081173146288
2176,0,0,0.00855044124033324
2177,0,0,0.011373608288279049
2178,0,0,0.007988687994855944
2179,0,0,0.007550223078483262
2180,0,0,0.007686158868976956
2181,0,0,0.008047304807526601
2182,0,0,0.007761906218285115
2183,0,0,0.009836719066784209
2184,0,0,0.008999130981061131
2185,0,0,0.008343524350159563
2186,0,0,0.010310492031297911
2187,0,0,0.00853727182594058
2188,0,0,0.008308614809477826
2189,1,1,0.9992496893628312
2190,0,0,0.00875458096833071
2191,0,0,0.010476632685471447
2192,0,0,0.01000858572999292
2193,0,0,0.0083996247383846
2194,0,0,0.0076440531074387615
2195,0,0,0.010645822372302573
2196,0,0,0.010315752450114459
2197,0,0,0.011060032329355431
2198,0,0,0.008156619629002496
2199,0,0,0.008738075989619017
2200,0,0,0.009650096176147958
2201,0,0,0.008154138743543525
2202,0,0,0.008395866050105701
2203,0,0,0.00814188399161689
2204,0,0,0.008893355610436115
2205,0,0,0.00934254010825028
2206,0,0,0.00801861083363537
2207,1,1,0.9994702674436887
2208,0,0,0.008425023033798416
2209,1,1,0.9994187577777647
2210,0,0,0.009006827081704747
2211,0,0,0.008774885994438595
2212,0,0,0.008526675419928818
2213,0,0,0.010499061356239545
2214,0,0,0.008433784424083204
2215,0,0,0.0075754921791854725
2216,0,0,0.012504557053316087
2217,0,0,0.008000978021278585
2218,0,0,0.023976675309740812
2219,0,0,0.009614578522837536
2220,1,1,0.9995850293319128
2221,0,0,0.007806367181624652
2222,0,0,0.009379925846085675
2223,0,0,0.007897720407606671
2224,1,1,0.9994841414046062
2225,0,0,0.009762711781649839
2226,0,0,0.008814588918154013
2227,0,0,0.00774166028561539
2228,0,0,0.008086420649016332
2229,0,0,0.014663456702543612
2230,0,0,0.007777169218157421
2231,0,0,0.007711555077490414
2232,0,0,0.00809024732731537
2233,0,0,0.009417476548364905
2234,0,0,0.007988607871302135
2235,0,0,0.008088781637964794
2236,0,0,0.015567609514479271
2237,0,0,0.008264758837180891
2238,0,0,0.008436246870407787
2239,0,0,0.011922498405620893
2240,0,0,0.0075058648796054875
2241,0,0,0.00889836219407357
2242,0,0,0.010245919055950573
2243,0,0,0.007825946551283405
2244,0,0,0.008847194629742264
2245,0,0,0.016015556277546437
2246,0,0,0.008349374845252541
2247,1,0,0.43105985542149866
2248,1,1,0.9312158574291947
2249,0,0,0.008701875300452555
2250,1,1,0.9994841414046062
2251,0,0,0.01816789620428892
2252,0,0,0.007919096420242862
2253,0,0,0.00925520289599388
2254,0,0,0.009843743115958144
2255,0,0,0.00822741280621896
2256,0,0,0.008367475582905652
2257,0,0,0.009286172809528074
2258,0,0,0.009273891774931766
2259,0,0,0.008101316594517268
2260,0,0,0.008859161497642482
2261,1,1,0.9987948323354766
2262,0,0,0.00794942473444323
2263,0,0,0.0080989977984688
2264,1,1,0.9951099305649205
2265,0,0,0.0076817191063751405
2266,0,0,0.008398816974169278
2267,1,1,0.9994061704718997
2268,0,0,0.00838978739649039
2269,1,1,0.7115669162852164
2270,0,0,0.007650578087985046
2271,0,0,0.010983997029755707
2272,0,0,0.008388794877761835
2273,0,0,0.008090863137250047
2274,0,0,0.008706386582464053
2275,0,0,0.009752759753274259
2276,0,0,0.019988801631391977
2277,0,0,0.008950801153309422
2278,0,0,0.009102344939592277
2279,0,0,0.01194416936730247
2280,0,0,0.007556913396287342
2281,0,0,0.008866071225497981
2282,0,0,0.013112587723931647
2283,0,0,0.011628800459917236
2284,0,0,0.008169971250353862
2285,0,0,0.008264925905443957
2286,0,0,0.010843606143394038
2287,0,0,0.009697240640876414
2288,0,0,0.00796909879061349
2289,0,0,0.05938411453621046
2290,1,1,0.9994089545396847
2291,0,0,0.008488306045597933
2292,0,0,0.00972631762476003
2293,0,0,0.02535706780934269
2294,0,0,0.008201211592360393
2295,1,1,0.9811716240883857
2296,0,0,0.00786172495716304
2297,1,1,0.9753061707535581
2298,0,0,0.01186305849826986
2299,0,0,0.008666040761432443
2300,1,1,0.9988517560840614
2301,0,0,0.009644259546950458
2302,0,0,0.0077255559933065675
2303,0,0,0.008502664413296663
2304,0,0,0.007647830031528764
2305,0,0,0.008562481679619718
2306,0,0,0.00867208041656962
2307,0,0,0.007888822958323454
2308,1,1,0.9995291039683355
2309,1,1,0.9994484339910132
2310,0,0,0.011699989502181339
2311,1,1,0.9994498542114815
2312,1,1,0.9994136471810393
2313,1,1,0.9932273850931429
2314,0,0,0.011439048403947308
2315,0,0,0.010300127220061732
2316,0,0,0.009244314063174299
2317,0,0,0.017125771781280153
2318,0,0,0.014407077407169833
2319,0,0,0.007897004006650284
2320,0,0,0.00781558756815906
2321,0,0,0.008148773722625896
2322,0,0,0.007761906218285115
2323,0,0,0.019988801631391977
2324,0,0,0.007701276370188177
2325,0,0,0.007637308707046435
2326,0,0,0.010051275988998055
2327,0,0,0.013335026798104263
2328,1,1,0.9995035868364777
2329,0,0,0.01130233927571525
2330,0,0,0.011546253052615123
2331,0,0,0.00782755816524981
2332,0,0,0.007624517708008279
2333,0,0,0.008594990501153322
2334,0,0,0.008855475622898802
2335,0,0,0.008807255973573317
2336,0,0,0.009718677674852357
2337,0,0,0.016268551310341803
2338,0,0,0.008227486126897214
2339,0,0,0.00837528679444015
2340,0,0,0.10671900278518222
2341,0,0,0.009308366360766424
2342,0,0,0.007894487712371681
2343,1,1,0.9993871168260552
2344,0,0,0.010874431961157564
2345,0,0,0.009512503742246646
2346,0,0,0.009338832551037742
2347,0,0,0.007993914759360468
2348,0,0,0.009488019635671158
2349,0,0,0.019988801631391977
2350,0,0,0.007989089696496721
2351,0,0,0.009377462234942013
2352,1,1,0.9540622227293827
2353,0,0,0.00822069127120379
2354,1,1,0.9978702821375186
2355,0,0,0.007437966369168635
2356,0,0,0.007865649914762457
2357,0,0,0.012563906425226163
2358,0,0,0.009866197224026018
2359,0,0,0.007778215798361114
2360,1,1,0.9992339009446508
2361,0,0,0.008116062928446556
2362,0,0,0.009243365419760959
2363,0,0,0.008701177804381571
2364,1,1,0.9933818407636407
2365,0,0,0.0075946959086497
2366,0,0,0.00898630646317642
2367,1,1,0.999560879052743
2368,0,0,0.011457014148507564
2369,0,0,0.008735164738596007
2370,0,0,0.009661763937639671
2371,0,0,0.008633970042485792
2372,0,0,0.013968115395724947
2373,0,0,0.008115975893775216
2374,1,1,0.9995179962678554
2375,0,0,0.008168119055282606
2376,0,0,0.009006326626471385
2377,0,0,0.007654456235361742
2378,1,1,0.9992368791815015
2379,0,0,0.031158923819508223
2380,0,0,0.007709868766956372
2381,0,0,0.008187307114759521
2382,0,0,0.010156188026915902
2383,0,0,0.00852148840815071
2384,0,0,0.014911363769728462
2385,0,0,0.00752047140064081
2386,1,1,0.9994179750568964
2387,0,0,0.016092672779803325
2388,0,0,0.016247002527245116
2389,0,0,0.010878171510411233
2390,0,0,0.00848312368717829
2391,0,0,0.007793530230210101
2392,0,0,0.014685477725869362
2393,0,0,0.007686472444591704
2394,0,0,0.007679553628737564
2395,0,0,0.00860076451601302
2396,0,0,0.008287584402965445
2397,0,0,0.009627493106392838
2398,0,0,0.011420544885037482
2399,0,0,0.012902452943585774
2400,0,0,0.007866122567197752
2401,0,0,0.011143578154607887
2402,1,0,0.3738997680604279
2403,0,0,0.007982189195484395
2404,0,0,0.010735189230304474
2405,0,0,0.007926030051486344
2406,0,0,0.009107283278556207
2407,0,0,0.007861192422676763
2408,0,0,0.010004991881882586
2409,0,0,0.009333273061089475
2410,0,0,0.008320554983889623
2411,0,0,0.00788150534728181
2412,0,0,0.008146064901786565
2413,1,1,0.9992346784713746
2414,0,0,0.008565297647080018
2415,0,0,0.019988801631391977
2416,0,0,0.008254122474124614
2417,0,0,0.009666028303679757
2418,0,0,0.008294423454103887
2419,0,0,0.016321883883362313
2420,1,1,0.9993434370475485
2421,0,0,0.01099554935339508
2422,0,0,0.008420370308737865
2423,0,0,0.014177112702851165
2424,0,0,0.012004272034917223
2425,0,0,0.007789476166135574
2426,0,0,0.007745830325458521
2427,1,1,0.9991403315642291
2428,0,0,0.007547419229683947
2429,0,0,0.012270171715139395
2430,1,1,0.5649602137949427
2431,0,0,0.024505005335353876
2432,0,0,0.008336836961371392
2433,0,0,0.007885833980668694
2434,0,0,0.007577308275036778
2435,0,0,0.007926651704869473
2436,0,0,0.00775598211540138
2437,0,0,0.008491888634213757
2438,1,1,0.9994698979332629
2439,0,0,0.00800567905873482
2440,0,0,0.009786632644153626
2441,0,0,0.010517672883312758
2442,0,0,0.008415671309165056
2443,0,0,0.019988801631391977
2444,0,0,0.009323864175656185
2445,0,0,0.00787628148463772
2446,0,0,0.008091366046879175
2447,0,0,0.00752047140064081
2448,0,0,0.00760666580235616
2449,0,0,0.007701725162915745
2450,0,0,0.0086339362801913
2451,0,0,0.011586576723537134
2452,0,0,0.02193794081633112
2453,0,0,0.0080796205131913
2454,0,0,0.019988801631391977
2455,0,0,0.009311436501888658
2456,0,0,0.01426247412945011
2457,0,0,0.009651961912100859
2458,0,0,0.010974343162480315
2459,0,0,0.008360461724972939
2460,0,0,0.008887927512725439
2461,0,0,0.009711892477009104
2462,0,0,0.0092628931476538
2463,0,0,0.010133717173819815
2464,0,0,0.008109472309822303
2465,0,0,0.008213863900465685
2466,0,0,0.008994397487781212
2467,0,0,0.009817728922941806
2468,0,0,0.008591871309072994
2469,0,0,0.008915481404551093
2470,0,0,0.008162848896038825
2471,0,0,0.008454683550910622
2472,0,0,0.010725537454850184
2473,1,1,0.9994367563837029
2474,0,0,0.007631296364763963
2475,0,0,0.007465076485868377
2476,0,0,0.008899408066796408
2477,0,0,0.01226964795794673
2478,0,0,0.00809553509018188
2479,0,0,0.007816684574540038
2480,1,1,0.9994090142539622
2481,1,1,0.9995370873886631
2482,0,0,0.013861413769682345
2483,0,0,0.011496383199655895
2484,0,0,0.007978580581947607
2485,0,0,0.007672885296892811
2486,0,0,0.008370648324568486
2487,0,0,0.010468643062887513
2488,0,0,0.007666120130031578
2489,0,0,0.007769227893486434
2490,0,0,0.009744542312421604
2491,0,0,0.00881574094789746
2492,0,0,0.01444822399049779
2493,0,0,0.0080108891007484
2494,0,0,0.013303816833710593
2495,0,0,0.008559681047723353
2496,1,1,0.9992414255698051
2497,0,0,0.007893762915098529
2498,0,0,0.009171879669208233
2499,0,0,0.007583440811392239
2500,0,0,0.008076256167040904
2501,0,0,0.008178807042990625
2502,0,0,0.007790873287501485
2503,0,0,0.009088904280797977
2504,0,0,0.008839659532913931
2505,0,0,0.007568245642101875
2506,0,0,0.012137921297854974
2507,0,0,0.010240167773535739
2508,0,0,0.008487766731851209
2509,0,0,0.007761906218285115
2510,0,0,0.007552141759210083
2511,0,0,0.010232051146974588
2512,0,0,0.008728589287717229
2513,0,0,0.010555845767102648
2514,1,1,0.999481200753573
2515,0,0,0.007625913191307538
2516,0,0,0.009000836357119056
2517,0,0,0.008180482971296272
2518,0,0,0.00752047140064081
2519,0,0,0.010851788130210524
2520,0,0,0.007682360067216764
2521,0,0,0.009299917462552904
2522,0,0,0.00752047140064081
2523,0,0,0.007973520389584824
2524,0,0,0.00752047140064081
2525,1,1,0.9994995053025003
2526,0,0,0.008275400166849444
2527,0,0,0.011405374660943308
2528,0,0,0.007811903651065518
2529,0,0,0.007539689855237128
2530,0,0,0.008666056508305205
2531,0,0,0.009803824444599053
2532,0,0,0.009065963483635415
2533,0,0,0.008033743731971526
2534,0,0,0.008136027795689981
2535,0,0,0.008483589162677805
2536,0,0,0.008223171057635962
2537,0,0,0.008701875300452555
2538,0,0,0.008046359232695371
2539,0,0,0.012652017769647533
2540,0,0,0.014066771581299826
2541,0,0,0.008240200725891916
2542,0,0,0.010225995281416697
2543,0,0,0.008425507733156007
2544,0,0,0.019351541788127452
2545,0,0,0.008214173874840882
2546,0,0,0.008967986190483234
2547,0,0,0.007962308287034623
2548,1,1,0.9994359617908537
2549,0,0,0.009229506451005554
2550,0,0,0.007964099166704958
2551,0,0,0.008535023853393138
2552,0,0,0.019988801631391977
2553,0,0,0.007537143439565595
2554,0,0,0.009229201502465827
2555,0,0,0.008856033106683207
2556,1,1,0.9995164230008027
2557,0,0,0.008167732072156066
2558,1,1,0.5982392935581928
2559,0,0,0.00814265087419537
2560,0,0,0.007694719025784233
2561,0,0,0.010335898530239643
2562,0,0,0.010029199775242054
2563,0,0,0.007922887493577264
2564,0,0,0.00899679702613961
2565,0,0,0.01194079028980049
2566,0,0,0.008386769696871134
2567,0,0,0.00831493087889349
2568,0,0,0.009140804045205108
2569,0,0,0.007636356411891481
2570,0,0,0.019988801631391977
2571,0,0,0.009140609278236607
2572,0,0,0.008034972735876585
2573,0,0,0.01007339517610609
2574,1,1,0.9993791787355026
2575,1,1,0.9630771973610104
2576,0,0,0.007956335015493168
2577,0,0,0.008673671451622544
2578,0,0,0.007918948194553872
2579,0,0,0.012601695405522244
2580,0,0,0.010572932512438722
2581,1,1,0.9993752377489592
2582,0,0,0.010878000680328606
2583,1,1,0.9920895606298714
2584,0,0,0.008808444832850024
2585,0,0,0.009473679524693447
2586,0,0,0.009186579036996515
2587,0,0,0.00968492512877604
2588,0,0,0.008204154821972946
2589,0,0,0.008452734711408444
2590,1,1,0.9993952313703401
2591,0,0,0.008051540329844543
2592,0,0,0.007812280627323119
2593,0,0,0.007813135495439818
2594,0,0,0.007619811769768505
2595,0,0,0.008963392015421706
2596,1,1,0.9993264090363926
2597,0,0,0.007970580966936449
2598,0,0,0.007955835917132666
2599,0,0,0.009075311843188636
2600,0,0,0.007947119542499338
2601,0,0,0.008244082430921446
2602,0,0,0.009512503742246646
2603,0,0,0.023436886924948303
2604,0,0,0.010369717357854545
2605,0,0,0.007877611504563013
2606,0,0,0.008886970585928373
2607,0,0,0.010827222046000538
2608,0,0,0.007661911919705831
2609,0,0,0.012430425991056714
2610,0,0,0.021841628014827207
2611,0,0,0.008244082430921446
2612,1,1,0.9995532985709465
2613,0,0,0.011419666193056188
2614,0,0,0.019082722749282507
2615,0,0,0.007870602594569955
2616,0,0,0.00768388406152864
2617,0,0,0.010559670069618936
2618,0,0,0.008398816974169278
2619,0,0,0.010421206767440672
2620,1,1,0.9849209247311647
2621,0,0,0.00787567862770556
2622,0,0,0.007845925337517925
2623,0,0,0.007637308707046435
2624,0,0,0.008056513019742603
2625,0,0,0.007481823182490301
2626,1,1,0.9991991444114702
2627,0,0,0.008733598085737024
2628,0,0,0.009851714071461782
2629,0,0,0.008250994737063847
2630,0,0,0.009044032958557591
2631,0,0,0.007679660922469836
2632,1,1,0.9994828680594354
2633,0,0,0.008594899161814622
2634,0,0,0.009732782721020973
2635,0,0,0.00809505943123994
2636,0,0,0.019988801631391977
2637,0,0,0.008667746414112722
2638,0,0,0.009511430727068115
2639,0,0,0.01008485898102089
2640,0,0,0.010059060141227733
2641,0,0,0.00871852881104733
2642,1,1,0.9994424511019782
2643,0,0,0.009941670361667777
2644,0,0,0.01620764310370495
2645,0,0,0.009896243328729886
2646,0,0,0.00752047140064081
2647,0,0,0.009719097422928617
2648,0,0,0.009136155903421764
2649,0,0,0.007657264897955014
2650,0,0,0.008360764468058092
2651,0,0,0.01134907556645733
2652,0,0,0.01759134961694042
2653,0,0,0.009376234209707518
2654,0,0,0.0077756325824668215
2655,0,0,0.010953744867249173
2656,0,0,0.00904274829544622
2657,0,0,0.00873488395961871
2658,0,0,0.0076620670057792935
2659,0,0,0.008338685057337836
2660,0,0,0.007761906218285115
2661,0,0,0.008462452257361435
2662,0,0,0.008515535685830938
2663,1,0,0.19711772252877116
2664,1,1,0.9995727318647963
2665,0,0,0.01460200430908118
2666,0,0,0.008037201110964568
2667,0,0,0.0076261280097957304
2668,0,0,0.009568548031281276
2669,1,1,0.9994196655695842
2670,1,1,0.9993033244131071
2671,0,0,0.007806828187116906
2672,0,0,0.007531981244305487
2673,0,0,0.011194258544698875
2674,0,0,0.007843720163436183
2675,0,0,0.008526582036557376
2676,0,0,0.014392657081663022
2677,0,0,0.014803397690312971
2678,0,0,0.009284970185360675
2679,0,0,0.008690333864124268
2680,1,1,0.9904028554045311
2681,0,0,0.010004991881882586
2682,0,0,0.007566076503035128
2683,0,0,0.00960216690437708
2684,0,0,0.009701017570306503
2685,0,0,0.009073381360808678
2686,1,1,0.9995582511609233
2687,0,0,0.00797609797352183
2688,0,0,0.009512503742246646
2689,0,0,0.0090991345006
2690,0,0,0.008225066583142216
2691,1,1,0.9995178705259903
2692,0,0,0.008516138227829742
2693,1,1,0.9987426139044663
2694,0,0,0.009959556438237146
2695,0,0,0.009548780968928824
2696,0,0,0.012863271669175077
2697,0,0,0.007650494988038881
2698,0,0,0.01377907463760534
2699,1,1,0.6184144410777902
2700,0,0,0.008398749003557318
2701,0,0,0.008675290846239254
2702,0,0,0.00784072552855745
2703,0,0,0.009360031735534164
2704,0,0,0.008043245090637958
2705,1,1,0.999519356807919
2706,0,0,0.007814613719966845
2707,0,0,0.008964395473549703
2708,1,1,0.9994775680254531
2709,0,0,0.01113768676033354
2710,0,0,0.008793613348928454
2711,1,1,0.9989072982855756
2712,0,0,0.009176611668112537
2713,0,0,0.008607612751600886
2714,0,0,0.008177716425690205
2715,0,0,0.007696035775213371
2716,0,0,0.007590926310162343
2717,0,0,0.009501299094532992
2718,0,0,0.009075311843188636
2719,1,1,0.9989750000163776
2720,0,0,0.008542741777596
2721,0,0,0.007637308707046435
2722,0,0,0.010013302837587654
2723,0,0,0.010171121623654474
2724,0,0,0.008321320554734009
2725,0,0,0.010195859552748801
2726,0,0,0.008992972529216865
2727,0,0,0.008692350835735893
2728,0,0,0.008205692026406622
2729,1,1,0.9994527137086309
2730,1,1,0.9994564786115038
2731,0,0,0.008778559344285336
2732,0,0,0.008247255879964933
2733,0,0,0.008364562080947154
2734,0,0,0.010639515605304285
2735,0,0,0.008804648399444273
2736,0,0,0.008895885513288852
2737,0,0,0.009359669461746082
2738,0,0,0.01657734350671809
2739,0,0,0.007518881055386315
2740,0,0,0.013007850152609792
2741,0,0,0.019988801631391977
2742,1,1,0.9992346784713746
2743,0,0,0.008226012234122561
2744,0,0,0.007881161555877543
2745,0,0,0.01503057629625342
2746,0,0,0.008166036855993323
2747,0,0,0.008558701876380807
2748,0,0,0.010712860476426245
2749,0,0,0.008607566491590824
2750,0,0,0.007667019430986283
2751,0,0,0.008112537048705754
2752,0,0,0.01186294254419827
2753,0,0,0.008384248477690532
2754,0,0,0.00899425884472563
2755,0,0,0.00823774764527305
2756,0,0,0.010507414628687178
2757,0,0,0.008061975811010662
2758,0,0,0.008776929431687527
2759,0,0,0.00900928478562802
2760,0,0,0.008069200837325981
2761,0,0,0.010468643062887513
2762,0,0,0.008765672224609814
2763,0,0,0.008636582981915015
2764,0,0,0.008275400166849444
2765,0,0,0.011561394987202453
2766,0,0,0.024783011195850295
2767,1,1,0.9992520637663237
2768,0,0,0.01511669217926421
2769,0,0,0.008091488163929711
2770,1,1,0.7913228291729265
2771,0,0,0.008176743431545062
2772,0,0,0.011815401177156867
2773,0,0,0.017803936730917125
2774,1,0,0.13465005882034367
2775,0,0,0.00863228251596597
2776,0,0,0.010952196145098944
2777,0,0,0.017088941314768666
2778,0,0,0.009000465682215996
2779,1,1,0.9994590101060142
2780,0,0,0.00787567862770556
2781,0,0,0.008449483199384728
2782,0,0,0.00881973266674524
2783,0,0,0.00832334613385608
2784,0,0,0.009194837456015771
2785,0,0,0.009555812145711069
2786,0,0,0.011484582561285709
2787,0,0,0.009902495818592583
2788,0,0,0.009141534901766439
2789,0,0,0.007601870486371826
2790,0,0,0.008443275289158541
2791,1,1,0.9992667097653182
2792,0,0,0.009467938595302865
2793,0,0,0.00827263215078164
2794,0,0,0.010730389420118325
2795,0,0,0.007624841622987396
2796,0,0,0.019988801631391977
2797,0,0,0.008227486126897214
2798,0,0,0.027939842391805157
2799,0,0,0.010310492031297911
2800,0,0,0.010881089729815756
2801,0,0,0.009671427425386002
2802,0,0,0.007933383499826668
2803,0,0,0.007972534133501297
2804,1,1,0.998196679749175
2805,0,0,0.009762664753592908
2806,0,0,0.008032373449499024
2807,0,0,0.019988801631391977
2808,1,1,0.9994723884613479
2809,0,0,0.008777147368875856
2810,0,0,0.008048875901487677
2811,0,0,0.011834545987516272
2812,0,0,0.00873153849580215
2813,0,0,0.008275400166849444
2814,0,0,0.01955028494437534
2815,0,0,0.00767279555375346
2816,0,0,0.0172157415466369
2817,0,0,0.009134607603930098
2818,1,1,0.9987616499153499
2819,0,0,0.008221563091868594
2820,0,0,0.0106499512509237
2821,1,0,0.3240965524202312
2822,0,0,0.00971302034012696
2823,1,1,0.5301528256017508
2824,0,0,0.007683434885366398
2825,0,0,0.00817258724363689
2826,1,1,0.9994136471810393
2827,0,0,0.007637308707046435
2828,0,0,0.007550210158549705
2829,0,0,0.01073096179510777
2830,1,1,0.980191934623952
2831,0,0,0.010363296587389822
2832,0,0,0.0085879802512076
2833,0,0,0.030529378406027936
2834,1,1,0.998960529290629
2835,0,0,0.01208652837959244
2836,0,0,0.008386720165009885
2837,0,0,0.008213714655620544
2838,0,0,0.008658189383420637
2839,0,0,0.00961349698807194
2840,0,0,0.008734463030659157
2841,0,0,0.008840686246269148
2842,0,0,0.008132199543732718
2843,0,0,0.01048840959101041
2844,0,0,0.008405760722380761
2845,0,0,0.009944337032001715
2846,0,0,0.00823041959872489
2847,0,0,0.008352592649141415
2848,1,1,0.9947628844041764
2849,0,0,0.007962328822779583
2850,1,1,0.9994209865562614
2851,0,0,0.007899473166540508
2852,0,0,0.008683447402695152
2853,0,0,0.008877109020575445
2854,0,0,0.009210796623132882
2855,0,0,0.00896499222537473
2856,0,0,0.00827194173030347
2857,0,0,0.009348765798979253
2858,0,0,0.01244454842214702
2859,0,0,0.008728087336310458
2860,0,0,0.010537822979355148
2861,0,0,0.008253218573638728
2862,0,0,0.007840404568068407
2863,1,1,0.998776637470024
2864,0,0,0.007892097886348596
2865,0,0,0.007740921088395457
2866,0,0,0.008921937672492622
2867,0,0,0.008856741547880242
2868,0,0,0.008008825955378884
2869,0,0,0.0074744859853205685
2870,0,0,0.009501299094532992
2871,1,1,0.9994209865562614
2872,0,0,0.007912835009195337
2873,0,0,0.019988801631391977
2874,0,0,0.012278915143008032
2875,0,0,0.008643874251192379
2876,0,0,0.00901716936756466
2877,0,0,0.008459183746723421
2878,0,0,0.00898116444096525
2879,1,1,0.9973611249595464
2880,0,0,0.017820240690076483
2881,1,1,0.9994422900089078
2882,0,0,0.008480602549718332
2883,0,0,0.011313547411550844
2884,0,0,0.007839034377293433
2885,0,0,0.008660160181679779
2886,0,0,0.00788487655582067
2887,0,0,0.013084321391854637
2888,0,0,0.007966201395387727
2889,0,0,0.012967929139934114
2890,0,0,0.01973085218628882
2891,0,0,0.01070562568568737
2892,0,0,0.007833347662576963
2893,0,0,0.008962240282719938
2894,0,0,0.007885321727464647
2895,0,0,0.01101707772994958
2896,0,0,0.012064948875833792
2897,1,1,0.9994258233124077
2898,0,0,0.008929703076703419
2899,0,0,0.008735164738596007
2900,0,0,0.009965244076223768
2901,0,0,0.007685027073956974
2902,1,1,0.9994557143816859
2903,0,0,0.024058202701282137
2904,0,0,0.008034274490045087
2905,0,0,0.007908067525681076
2906,0,0,0.007950985624968895
2907,0,0,0.008142595516053413
2908,0,0,0.012768410653230007
2909,0,0,0.010419926979010806
2910,1,1,0.9995462432387442
2911,0,0,0.010348171632469722
2912,0,0,0.007681035745572584
2913,0,0,0.009016621155961432
2914,0,0,0.008004083098120396
2915,1,1,0.9906086783120881
2916,0,0,0.007666761874379271
2917,0,0,0.009216268187697883
2918,0,0,0.007976556011043655
2919,0,0,0.008752848563296696
2920,0,0,0.009360513684511762
2921,0,0,0.00864972987362513
2922,0,0,0.007703284605184291
2923,0,0,0.009684065138155885
2924,0,0,0.01071576892257622
2925,0,0,0.015715129722606257
2926,0,0,0.008119216850048697
2927,0,0,0.009856370872522018
2928,0,0,0.017038120966007653
2929,0,0,0.019988801631391977
2930,0,0,0.00896467423962815
2931,0,0,0.007665521205626815
2932,0,0,0.007612242341599447
2933,0,0,0.007535655505588732
2934,0,0,0.0075201942405997745
2935,0,0,0.008388765541662
2936,0,0,0.008262451947674072
2937,0,0,0.018361860915578468
2938,0,0,0.007686392682921857
2939,0,0,0.00832562885580075
2940,0,0,0.008065401120370914
2941,1,1,0.9811716240883857
2942,0,0,0.0078089771267486
2943,0,0,0.008034239023251384
2944,0,0,0.016092672779803325
2945,1,1,0.9927557733062335
2946,0,0,0.007534279687343364
2947,0,0,0.01108067365371221
2948,0,0,0.009463181344911944
2949,0,0,0.007550387409320153
2950,0,0,0.008647316876402786
2951,0,0,0.00878180934527749
2952,0,0,0.01558151177268529
2953,0,0,0.009022125019578733
2954,1,1,0.999546564359952
2955,0,0,0.007873480426687635
2956,0,0,0.01038476238742567
2957,0,0,0.010074176126437068
2958,0,0,0.008207986292060904
2959,1,1,0.9993776495530012
2960,0,0,0.009058027548675946
2961,0,0,0.008543716961789065
2962,0,0,0.008051637167504217
2963,0,0,0.019988801631391977
2964,0,0,0.008720120576557296
2965,1,0,0.17376219492630543
2966,0,0,0.009227873417583401
2967,0,0,0.008694205855576476
2968,0,0,0.007568721109583783
2969,0,0,0.015023905745972753
2970,0,0,0.008189901127959335
2971,0,0,0.009951345270244433
2972,0,0,0.009197555612086412
2973,0,0,0.008503574910636934
2974,0,0,0.008536689903194148
2975,0,0,0.008179583372441195
2976,0,0,0.009044296922697892
2977,0,0,0.008471795100966854
2978,0,0,0.008473674933152701
2979,0,0,0.010748437745843666
2980,1,1,0.9995199591836766
2981,0,0,0.007685464340520508
2982,0,0,0.01482519810401832
2983,0,0,0.00799952519066765
2984,0,0,0.008335722210768174
2985,0,0,0.007654951646788861
2986,0,0,0.008303591954966232
2987,1,1,0.999399437493037
2988,0,0,0.009645605062010842
2989,0,0,0.019988801631391977
2990,1,1,0.9994765997448254
2991,0,0,0.008681036474907037
2992,1,1,0.9994408555804564
2993,0,0,0.00825678269366773
2994,0,0,0.008725753891371589
2995,0,0,0.007747513538768552
2996,0,0,0.009218696983120766
2997,0,0,0.011869108473489537
2998,0,0,0.008964419055421986
2999,0,0,0.017302620919005886
3000,0,0,0.01014641352928951
3001,0,0,0.009975877859664016
3002,1,1,0.99958017349153
3003,0,0,0.008348058014930241
3004,0,0,0.01006720156036098
3005,1,1,0.998960529290629
3006,0,0,0.019988801631391977
3007,0,0,0.009196222178606024
3008,0,0,0.007853883979288184
3009,1,1,0.9992740366146988
3010,1,1,0.9991062532687461
3011,0,0,0.00839161008040719
3012,0,0,0.008278148612410885
3013,0,0,0.008496155748264733
3014,1,1,0.9993495294796806
3015,0,0,0.009704710635399285
3016,0,0,0.010520859589355867
3017,0,0,0.00774096030667728
3018,0,0,0.010918994116965557
3019,0,0,0.009822547760104881
3020,0,0,0.007816933117297517
3021,0,0,0.008784867036031275
3022,0,0,0.008277108640863399
3023,0,0,0.010296205149779337
3024,0,0,0.010213526054287105
3025,0,0,0.008203557039837248
3026,0,0,0.008492308846502523
3027,0,0,0.008225814327356211
3028,0,0,0.02193658797119041
3029,0,0,0.008124588097764687
3030,0,0,0.010551467800911268
3031,0,0,0.00842675675696987
3032,0,0,0.007831997525318353
3033,0,0,0.008533000762849957
3034,0,0,0.00844525827305786
3035,0,0,0.00804805606845294
3036,0,0,0.00934254010825028
3037,0,0,0.007869989992104639
3038,0,0,0.007997332820210654
3039,0,0,0.00969278143252902
3040,0,0,0.009104839842008284
3041,0,0,0.012182643388405827
3042,0,0,0.007715270608754773
3043,0,0,0.007736581272820269
3044,0,0,0.010689526657895824
3045,0,0,0.009220049314032398
3046,0,0,0.007569489830535902
3047,0,0,0.012855193459835391
3048,0,0,0.007754330086385764
3049,0,0,0.01138553276216523
3050,0,0,0.00826619411826514
3051,0,0,0.007761906218285115
3052,0,0,0.008540516489446474
3053,0,0,0.008160734559711058
3054,0,0,0.008410606504893649
3055,0,0,0.010281538492133488
3056,1,1,0.9990108250711046
3057,0,0,0.012298791491732566
3058,0,0,0.00759528298586493
3059,1,1,0.9978003409840973
3060,0,0,0.008136695177518855
3061,0,0,0.008835765313304718
3062,0,0,0.008145138802128422
3063,0,0,0.008077812196444059
3064,1,1,0.9805220514309083
3065,0,0,0.00792747888293946
3066,0,0,0.009588677874782786
3067,1,1,0.9961580966226042
3068,0,0,0.00813565606306061
3069,0,0,0.008437936807159737
3070,0,0,0.009090762594841763
3071,0,0,0.008201019374838915
3072,0,0,0.008720549311734641
3073,0,0,0.007567784542647529
3074,0,0,0.013235712538293568
3075,0,0,0.008899076782785405
3076,0,0,0.012341538645813393
3077,0,0,0.008309022282986113
3078,0,0,0.014574320961044626
3079,0,0,0.008338490743041488
3080,0,0,0.00889644896112032
3081,0,0,0.010203272236158238
3082,0,0,0.00838931975062924
3083,0,0,0.014017496946872586
3084,0,0,0.010817688076613152
3085,0,0,0.007979309148997617
3086,0,0,0.008530555283865475
3087,0,0,0.008206201735804847
3088,0,0,0.009702889804155096
3089,0,0,0.0095913322350778
3090,0,0,0.010413335014897615
3091,0,0,0.008368117495234733
3092,1,1,0.998445946943541
3093,0,0,0.007855161893955683
3094,0,0,0.015048974417107406
3095,0,0,0.008017263034890547
3096,0,0,0.009985974593525349
3097,0,0,0.007868563063366604
3098,0,0,0.00851581580692315
3099,0,0,0.01738354966093748
3100,0,0,0.010133670729377528
3101,0,0,0.010107398969860916
3102,0,0,0.00887647272658784
3103,0,0,0.01280545716801148
3104,0,0,0.008472676140382829
3105,0,0,0.007663851481369756
3106,0,0,0.013921492323747934
3107,0,0,0.008000631747337606
3108,0,0,0.007916328122408762
3109,0,0,0.008002616812513595
3110,0,0,0.007598632717702691
3111,1,1,0.9966913115680682
3112,0,0,0.009108105179220007
3113,0,0,0.008907339226770184
3114,0,0,0.007716256822869415
3115,0,0,0.008720792710595256
3116,0,0,0.008151407964171138
3117,0,0,0.008942213257498199
3118,0,0,0.015083883615171318
3119,0,0,0.010551002731030197
3120,0,0,0.07104930661332384
3121,0,0,0.009051990724501725
3122,0,0,0.011989960516250075
3123,1,1,0.9994836969486478
3124,0,0,0.008816595222997924
3125,0,0,0.010174745382590413
3126,1,1,0.9995383959439662
3127,0,0,0.008158372223410232
3128,0,0,0.009511600109983172
3129,0,0,0.009306944141273928
3130,0,0,0.007729646833362996
3131,0,0,0.0077572931710343735
3132,1,1,0.5757763091708189
3133,0,0,0.009513577597166267
3134,0,0,0.013167751006527444
3135,0,0,0.00773114831226592
3136,0,0,0.00877669071632403
3137,0,0,0.008881884699399661
3138,0,0,0.007904027752827898
3139,0,0,0.007933107175641276
3140,0,0,0.015432822799598168
3141,1,1,0.9974625482111895
3142,0,0,0.017803936730917125
3143,0,0,0.008589316837647278
3144,0,0,0.010847359934201545
3145,0,0,0.0161511180223344
3146,0,0,0.008391637890591955
3147,0,0,0.007870882057109315
3148,0,0,0.0076157317967355505
3149,0,0,0.010647321897198152
3150,0,0,0.007681035745572584
3151,0,0,0.014373098457996634
3152,0,0,0.008969663207625949
3153,1,1,0.9984522477293306
3154,0,0,0.010254754857388939
3155,1,1,0.9951099305649205
3156,0,0,0.007761906218285115
3157,0,0,0.007959686262000314
3158,0,0,0.009211616061789753
3159,0,0,0.007894025031732066
3160,0,0,0.01618065643070137
3161,0,0,0.021028392645699688
3162,0,0,0.009485567631001697
3163,0,0,0.009677314083855273
3164,1,1,0.9994423331591447
3165,0,0,0.008226573794869855
3166,0,0,0.009137336286100287
3167,1,1,0.9993409129897008
3168,0,0,0.009033520853356972
3169,0,0,0.01148168959013693
3170,0,0,0.00807671887734893
3171,0,0,0.007904797023403128
3172,0,0,0.01348789445862174
3173,0,0,0.01647373849681775
3174,1,1,0.9994841598202721
3175,0,0,0.010583647339682853
3176,1,1,0.9993246874915991
3177,0,0,0.00809117146321405
3178,0,0,0.008213850377165637
3179,0,0,0.013267033776815611
3180,0,0,0.008471612775702764
3181,0,0,0.012368964231013281
3182,0,0,0.012643014853615402
3183,0,0,0.015380730864425624
3184,0,0,0.007886150007764884
3185,0,0,0.007575740312771713
3186,0,0,0.008434692948939688
3187,0,0,0.008138362489542646
3188,0,0,0.010363296587389822
3189,1,1,0.999527645226862
3190,0,0,0.007421545791477647
3191,0,0,0.00795907033244836
3192,1,1,0.9993069620168662
3193,0,0,0.009997953967138155
3194,0,0,0.010033032622080908
3195,0,0,0.010402836794050222
3196,0,0,0.009323196539526653
3197,0,0,0.013199623018445435
3198,0,0,0.00861479669453387
3199,0,0,0.007787077945779848
3200,0,0,0.010817866562754923
3201,0,0,0.011417698331179551
3202,0,0,0.008213714655620544
3203,0,0,0.008356552411639191
3204,0,0,0.008497314494553675
3205,0,0,0.008153340997642703
3206,0,0,0.007924265175063219
3207,0,0,0.00792996902675145
3208,0,0,0.016275515713437556
3209,0,0,0.00799591610590841
3210,0,0,0.008031908677944309
3211,0,0,0.011280414326525726
3212,0,0,0.008405317375312176
3213,0,0,0.007700638324344893
3214,0,0,0.0180911582477165
3215,0,0,0.007771428187187867
3216,0,0,0.009423335112623214
3217,1,1,0.9995547231912992
3218,0,0,0.00803251565842558
3219,0,0,0.0077776853216248686
3220,0,0,0.008439758591057445
3221,0,0,0.010871832940773818
3222,1,1,0.9994726483854981
3223,0,0,0.0076827929533502285
3224,0,0,0.009891682357925468
3225,0,0,0.008606993980042832
3226,0,0,0.008910383660028793
3227,0,0,0.009623837866357367
3228,0,0,0.01073096179510777
3229,1,1,0.999557787748454
3230,1,1,0.9994381956258003
3231,0,0,0.00899130599613815
3232,0,0,0.007709825855984291
3233,0,0,0.00851955615965524
3234,0,0,0.00792063464904796
3235,0,0,0.008494278757438637
3236,0,0,0.00877920233030374
3237,0,0,0.008724719663194777
3238,0,0,0.007815754720524723
3239,0,0,0.008526582036557376
3240,0,0,0.008411706650528537
3241,0,0,0.012544431569607864
3242,0,0,0.008308096267886405
3243,0,0,0.008069689070707204
3244,0,0,0.008820817271269758
3245,0,0,0.011114978343033353
3246,0,0,0.008436577340317003
3247,0,0,0.01315226813332955
3248,0,0,0.008829898959777786
3249,0,0,0.013281017271277031
3250,0,0,0.010045989409458713
3251,0,0,0.009727013317756158
3252,0,0,0.007775131562214091
3253,0,0,0.008525281083779238
3254,0,0,0.007756561327852003
3255,0,0,0.011682976969764707
3256,0,0,0.0130568978279323
3257,0,0,0.008200464971386929
3258,0,0,0.008173298134641136
3259,0,0,0.0088593645696392
3260,1,1,0.9994136471810393
3261,0,0,0.014888438878793285
3262,0,0,0.008178761201178284
3263,0,0,0.009836383597472593
3264,0,0,0.00859480697288933
3265,0,0,0.007877262738415308
3266,1,1,0.9994670923458172
3267,0,0,0.009406951344030282
3268,0,0,0.007862394338481564
3269,0,0,0.00845151185308467
3270,0,0,0.019988801631391977
3271,0,0,0.007741121152007175
3272,1,1,0.992806317301755
3273,0,0,0.00921590719883031
3274,0,0,0.00823905038395573
3275,0,0,0.00879145722134
3276,0,0,0.008284492263561184
3277,0,0,0.008187223826911586
3278,0,0,0.008479452840400631
3279,0,0,0.010767871568833244
3280,0,0,0.010004991881882586
3281,0,0,0.009303737043652695
3282,0,0,0.008887543923901158
3283,0,0,0.008273948932986663
3284,0,0,0.008180237921528019
3285,0,0,0.013611066942917653
3286,0,0,0.007846936859868944
3287,0,0,0.007998884593765885
3288,0,0,0.008574850485045766
3289,1,1,0.999302422134784
3290,1,1,0.999303329561803
3291,0,0,0.01051250134093167
3292,0,0,0.009673559977895152
3293,0,0,0.00795116978890853
3294,0,0,0.0078830428938189
3295,0,0,0.008424848709429226
3296,0,0,0.008331287508314286
3297,0,0,0.009070476712642541
3298,1,1,0.9994124116967745
3299,1,1,0.99958017349153
3300,0,0,0.011276369813493852
3301,0,0,0.011801796554287185
3302,1,1,0.8994400277075669
3303,0,0,0.012629629853069667
3304,0,0,0.008173542123814171
3305,0,0,0.012273110334842786
3306,0,0,0.00762295448530902
3307,0,0,0.009516792642699024
3308,0,0,0.008310822524102946
3309,0,0,0.008397596267920355
3310,0,0,0.008565249382316092
3311,0,0,0.009033731544628913
3312,0,0,0.007530748972475
3313,0,0,0.007912879739102477
3314,0,0,0.008107984272159297
3315,0,0,0.008222596210379182
3316,1,1,0.9994679466117637
3317,0,0,0.007872492782716714
3318,0,0,0.009439058925975387
3319,0,0,0.015456549777463987
3320,0,0,0.019988801631391977
3321,0,0,0.008197716520086575
3322,0,0,0.007976641201564638
3323,0,0,0.008131752883863424
3324,0,0,0.011280414326525726
3325,0,0,0.007947152267408893
3326,0,0,0.008185410220872146
3327,0,0,0.008169927770859294
3328,0,0,0.0477025491170179
3329,0,0,0.010723115790907255
3330,0,0,0.01022658973566489
3331,0,0,0.01004032534703647
3332,0,0,0.03233464658856376
3333,0,0,0.008762555108067756
3334,1,1,0.9991852909039849
3335,0,0,0.010417124425611718
3336,0,0,0.007591634337963785
3337,0,0,0.00852434223025676
3338,0,0,0.01323072843013607
3339,0,0,0.008009229408373135
3340,0,0,0.009026962552476814
3341,0,0,0.008145169976320263
3342,0,0,0.008571319715476918
3343,0,0,0.009658927567970472
3344,0,0,0.008563865011312457
3345,0,0,0.0077668780796659185
3346,0,0,0.019988801631391977
3347,0,0,0.022121583946570395
3348,0,0,0.00855837857665668
3349,0,0,0.00752047140064081
3350,0,0,0.011873226537140184
3351,0,0,0.007702467521523748
3352,0,0,0.008771613714234319
3353,0,0,0.007680427426412102
3354,0,0,0.00940233744099374
3355,0,0,0.007796576106758147
3356,0,0,0.00970485827658316
3357,0,0,0.007948337919079462
3358,0,0,0.00922535394796094
3359,0,0,0.00860076451601302
3360,1,0,0.06162574329973508
3361,0,0,0.01474102973143867
3362,0,0,0.010675518490744062
3363,0,0,0.01800073418646735
3364,0,1,0.5657215414867134
3365,0,0,0.008408873769764277
3366,0,0,0.00752047140064081
3367,0,0,0.010766884673466367
3368,0,0,0.00894888340768188
3369,0,0,0.008192860852648105
3370,0,0,0.0076646708457507335
3371,0,0,0.008589022995439096
3372,0,0,0.007764206667982967
3373,0,0,0.010772200680518332
3374,0,0,0.008188624236106688
3375,0,0,0.012915994553149564
3376,0,0,0.019988801631391977
3377,0,0,0.007845222022572304
3378,0,0,0.008050224394621292
3379,0,0,0.008848723226485552
3380,0,0,0.009448488656409317
3381,0,0,0.009127598680527678
3382,1,1,0.9990293735378005
3383,0,0,0.009083395327044667
3384,0,0,0.008913663243094833
3385,1,1,0.997596756998439
3386,0,0,0.007761906218285115
3387,0,0,0.007984206659478034
3388,0,0,0.012052055760354277
3389,0,0,0.012705300153215315
3390,0,0,0.008798556458354631
3391,1,1,0.9978702821375186
3392,0,0,0.008115609361686303
3393,0,0,0.01065962291527934
3394,0,0,0.008132199543732718
3395,0,0,0.009071133259430887
3396,0,0,0.010245919055950573
3397,1,1,0.9994910034150378
3398,0,0,0.009943109942282424
3399,0,0,0.00990584493673258
3400,0,0,0.008208627895327551
3401,1,1,0.9992091377269063
3402,0,0,0.008527626090038886
3403,0,0,0.00939725161156461
3404,0,0,0.007867341199480064
3405,0,0,0.008013549219106037
3406,0,0,0.009541785325654514
3407,0,0,0.008845072084773522
3408,0,0,0.010515529686750126
3409,1,1,0.9994670923458172
3410,0,0,0.007643810554233106
3411,0,0,0.008565117842808301
3412,0,0,0.009126197987187794
3413,0,0,0.007864138964358185
3414,0,0,0.008953036746916125
3415,0,0,0.02377047920043148
3416,0,0,0.01460200430908118
3417,0,0,0.009046922312525902
3418,0,0,0.008505473602416496
3419,1,1,0.6294883541749396
3420,1,1,0.9993593761267155
3421,1,1,0.9992091377269063
3422,1,1,0.954936245945415
3423,1,1,0.998910746084302
3424,1,1,0.9994646425885522
3425,1,1,0.9423257948143917
3426,0,0,0.012759174672868938
3427,0,0,0.007708996427723372
3428,0,0,0.008026624561521705
3429,0,0,0.009472027366805486
3430,0,0,0.008770029887195066
3431,0,0,0.010290902144955542
3432,0,0,0.0076992123237400205
3433,1,1,0.999303329561803
3434,0,0,0.010908676745513081
3435,0,0,0.010567955078981034
3436,0,0,0.014976126390486592
3437,0,0,0.015575197082152362
3438,0,0,0.009188447766996741
3439,0,0,0.009650549606974845
3440,0,0,0.007782711738563918
3441,0,0,0.008693635129170837
3442,1,1,0.9992490011379817
3443,1,1,0.9987774744622626
3444,0,0,0.008532329093506996
3445,0,0,0.008063513431081602
3446,0,0,0.010878171510411233
3447,0,0,0.007739965570379047
3448,0,0,0.007919876674553296
3449,0,0,0.0077499265422962815
3450,0,0,0.007977438546403945
3451,0,0,0.008576455097647422
3452,0,0,0.007889993685617092
3453,0,0,0.008499467252904886
3454,0,0,0.009833850363482907
3455,0,0,0.007803214735835902
3456,0,0,0.008249498531189519
3457,0,0,0.007516443396640863
3458,0,0,0.008562481679619718
3459,0,0,0.008538696652329304
3460,1,0,0.1857115034605238
3461,0,0,0.008153719670597718
3462,0,0,0.009495713554623038
3463,1,1,0.9925606538760708
3464,0,0,0.012657895304462485
3465,0,0,0.02066586218359021
3466,0,0,0.010119667650049543
3467,0,0,0.008436391755585427
3468,1,1,0.9995417672793314
3469,0,0,0.009401001663338678
3470,0,0,0.009011198507896381
3471,0,0,0.01048840959101041
3472,0,0,0.007733557239911947
3473,0,0,0.009165467981731418
3474,0,0,0.008759053446694146
3475,0,0,0.009943459834009672
3476,0,0,0.008639837003426147
3477,0,0,0.007462111694749852
3478,0,0,0.007807794926244689
3479,0,0,0.010234074165458804
3480,0,0,0.008776858124632508
3481,0,0,0.015037884211671723
3482,0,0,0.011118460243850308
3483,1,1,0.9993503434564394
3484,0,0,0.007910260850551418
3485,0,0,0.007874269668863365
3486,0,0,0.008092282779165806
3487,0,0,0.008283789843137056
3488,0,0,0.009619675173154464
3489,0,0,0.008571319715476918
3490,0,0,0.008970587972503366
3491,0,0,0.00774342984585867
3492,0,0,0.007761906218285115
3493,0,0,0.008440336511623734
3494,0,0,0.011159939767310063
3495,1,1,0.9991852909039849
3496,1,1,0.9968016050098573
3497,0,0,0.008161481693707374
3498,0,0,0.00773570225999536
3499,0,0,0.007892393705697156
3500,0,0,0.007864482273944496
3501,1,1,0.9731077923812619
3502,0,0,0.0076076000436561125
3503,0,0,0.00836235921710741
3504,0,0,0.012267617964196485
3505,0,0,0.009737019523558604
3506,0,0,0.011118857197612152
3507,0,0,0.00999131203023001
3508,0,0,0.008412576017850126
3509,0,0,0.00949626852317122
3510,0,0,0.007946790204323793
3511,0,0,0.008644056220373045
3512,0,0,0.011132018444716488
3513,0,0,0.009171837168329073
3514,0,0,0.010142811334653041
3515,0,0,0.01509946343534013
3516,0,0,0.008066858102725186
3517,0,0,0.008169486278284883
3518,0,0,0.007619823258429219
3519,0,0,0.010200473485666725
3520,0,0,0.009516876993581998
3521,0,0,0.008206469926375151
3522,0,0,0.008396020869650177
3523,0,0,0.008268660291745373
3524,0,0,0.00900013646737081
3525,0,0,0.008263171243237149
3526,0,0,0.009393695934531964
3527,0,0,0.007659345715521869
3528,0,0,0.016145121189445583
3529,1,1,0.9995293712475829
3530,1,1,0.6068476663979628
3531,0,0,0.00795101322652591
3532,0,0,0.00985921054304312
3533,0,0,0.008041264217315883
3534,0,0,0.00752047140064081
3535,0,0,0.008876183365706282
3536,0,0,0.00792996902675145
3537,0,0,0.007631898634366737
3538,0,0,0.0078215759679457
3539,0,0,0.012733518626351923
3540,0,0,0.00929060756400297
3541,0,0,0.007755120019568103
3542,0,0,0.019988801631391977
3543,0,0,0.009433100904857366
3544,0,0,0.011219696608654744
3545,0,0,0.007779784692335903
3546,0,0,0.00862140445808571
3547,0,0,0.009962308911184365
3548,1,1,0.923641667433413
3549,0,0,0.009940158803330728
3550,0,0,0.007440279398306403
3551,0,0,0.0080290161511932
3552,0,0,0.008889041431690364
3553,0,0,0.008562081057345483
3554,0,0,0.0086683941653099
3555,0,0,0.01248136866163838
3556,1,1,0.9989860630222127
3557,0,0,0.007649101889826473
3558,0,0,0.01452977863131306
3559,0,0,0.008215987569566756
3560,1,1,0.9995616447668408
3561,0,0,0.0074817036831306225
3562,1,1,0.9989974756047931
3563,0,0,0.010348568562465384
3564,1,1,0.9769407937697753
3565,0,0,0.01256733651934284
3566,0,0,0.010221562430063835
3567,0,0,0.007956542352316229
3568,1,1,0.9991614560680164
3569,0,0,0.0108186422535464
3570,0,0,0.00939537476269354
3571,1,1,0.9994658907993913
3572,0,0,0.010850849114777473
3573,0,0,0.007747997509620889
3574,1,1,0.9895323064339523
3575,0,0,0.00852403500316058
3576,0,0,0.011633977948005662
3577,0,0,0.008197881171161218
3578,0,0,0.009227645547571758
3579,0,0,0.008205689936578334
3580,0,0,0.014653986022310788
3581,0,0,0.00797735951742664
3582,0,0,0.008069768328173625
3583,0,0,0.008484903520088051
3584,0,0,0.008409544529282
3585,1,1,0.9993384634197174
3586,0,0,0.007733557239911947
3587,1,1,0.9992389842854826
3588,0,0,0.008889630585782139
3589,0,1,0.5657215414867134
3590,0,0,0.008929517726992724
3591,0,0,0.008394061041937032
3592,0,0,0.2563018179420037
3593,0,0,0.008012801104268023
3594,0,0,0.00752047140064081
3595,1,1,0.9995066984529615
3596,0,0,0.0088388676449969
3597,0,0,0.0079318658391897
3598,1,1,0.9993779198614756
3599,0,0,0.008105117816079485
3600,0,0,0.0077244948776874
3601,0,0,0.008958153705630377
3602,0,0,0.008554476798075958
3603,0,0,0.024483131991340088
3604,0,0,0.00967027487491495
3605,0,0,0.007671696257709495
3606,0,0,0.010429827442524289
3607,0,0,0.0077721551463066085
3608,0,0,0.011899446031317693
3609,0,0,0.008028992472371882
3610,0,0,0.008565117842808301
3611,0,0,0.011824623490527843
3612,0,0,0.00834796188518118
3613,0,0,0.0080236430935005
3614,0,0,0.0078148010092623
3615,0,0,0.007761906218285115
3616,0,0,0.012614918610852958
3617,0,0,0.008646143563783125
3618,0,0,0.008549776589708976
3619,0,0,0.007684569971893765
3620,1,1,0.9991876044267237
3621,0,0,0.0076893322937176345
3622,0,0,0.008187375522088203
3623,0,0,0.008359062746184889
3624,0,0,0.010630092193939454
3625,0,0,0.016092672779803325
3626,0,0,0.00962177086807402
3627,0,0,0.00816905696040011
3628,0,0,0.010348568562465384
3629,0,0,0.007774432597586024
3630,0,0,0.011932894428787014
3631,1,1,0.9994483885156167
3632,0,0,0.011765694836599347
3633,0,0,0.009970059233484404
3634,0,0,0.00788487655582067
3635,0,0,0.0074703178168076135
3636,0,0,0.007734391081643107
3637,0,0,0.009608421605192511
3638,0,0,0.008142802146562243
3639,1,1,0.9985462372004749
3640,0,0,0.00945953543797098
3641,0,0,0.008429844106845757
3642,1,1,0.9995433787169827
3643,0,0,0.009022607160027112
3644,0,0,0.010467697803665807
3645,0,0,0.008130442937382772
3646,1,1,0.9992842003880944
3647,0,0,0.007758148850162185
3648,0,0,0.010934044439805874
3649,0,0,0.011713743916860989
3650,0,0,0.007901377235192027
3651,0,0,0.008782829323703398
3652,0,0,0.00988043383063577
3653,0,0,0.007989199947824002
3654,0,0,0.008955393554328258
3655,0,0,0.008098060887755944
3656,0,0,0.011336812549125918
3657,0,0,0.008144617870806014
3658,0,0,0.011857849896285404
3659,0,0,0.012118554371524202
3660,0,0,0.007761752395231828
3661,0,0,0.007625800437255502
3662,0,0,0.011486982627365281
3663,0,0,0.007851507207610938
3664,0,0,0.010302451479231756
3665,0,0,0.009973698292590675
3666,0,0,0.00854229446551969
3667,0,0,0.01237378029405121
3668,0,0,0.009594374356883281
3669,0,0,0.009892673032501405
3670,0,0,0.007884380352884832
3671,0,0,0.007963265174414
3672,0,0,0.008017852458251035
3673,0,0,0.008079350316509432
3674,0,0,0.012271787775136099
3675,1,1,0.9994498542114815
3676,0,0,0.010129699666658639
3677,0,0,0.007946691556682596
3678,0,0,0.010838351697403147
3679,1,1,0.99929863686705
3680,0,0,0.010368509538178451
3681,0,0,0.008398816974169278
3682,0,0,0.00889842711295677
3683,0,0,0.009436460908445023
3684,0,0,0.00824743398884368
3685,0,0,0.009222827855866261
3686,0,0,0.0074729543572052085
3687,0,0,0.007534307554708608
3688,0,0,0.009278556960996743
3689,0,0,0.008116588645313604
3690,0,0,0.008186308713787185
3691,0,0,0.008712490065554841
3692,0,0,0.013576469485178006
3693,0,0,0.008692350835735893
3694,0,0,0.008351686767896094
3695,0,0,0.007815565945143365
3696,0,0,0.008065559412689409
3697,0,0,0.008893341370021469
3698,1,1,0.9995315984433915
3699,0,0,0.026192749675881522
3700,0,0,0.007707652164481985
3701,0,0,0.008381800462147284
3702,0,0,0.009183425046513344
3703,0,0,0.008053432394314386
3704,0,0,0.0077536547180475516
3705,0,0,0.008216432858752525
3706,0,0,0.008054457514481297
3707,0,0,0.009752626612088597
3708,0,0,0.008276457091709719
3709,1,1,0.9993923017638014
3710,0,0,0.008949288927703625
3711,0,0,0.012836993002121407
3712,0,0,0.008160652834326201
3713,0,0,0.007933107175641276
3714,0,0,0.007482833982515818
3715,0,0,0.011459518256455298
3716,0,0,0.007942987721010548
3717,0,0,0.013620450002118352
3718,0,0,0.008464902106080209
3719,0,0,0.008283438992963991
3720,1,1,0.9995018501808561
3721,0,0,0.00926508241077506
3722,0,0,0.01062073480456228
3723,0,0,0.011337792184242529
3724,0,0,0.00990559899447766
3725,1,1,0.999411607480731
3726,0,0,0.00916976173543359
3727,0,0,0.010304111713242215
3728,0,0,0.013768770472227727
3729,0,0,0.009232515935801818
3730,0,0,0.00792996902675145
3731,0,0,0.008142774092790446
3732,0,0,0.007749937836468324
3733,0,0,0.008181241228646396
3734,0,0,0.010127303148613247
3735,0,0,0.008661145168403293
3736,0,0,0.007761906218285115
3737,0,0,0.010068760418248406
3738,0,0,0.009849533816753926
3739,0,0,0.011266598447158894
3740,0,0,0.00825678269366773
3741,0,0,0.008215987569566756
3742,1,0,0.019988801631391977
3743,0,0,0.007706064013104937
3744,0,0,0.009703831017102628
3745,0,0,0.017235032277513242
3746,0,0,0.007707409919362311
3747,0,0,0.019988801631391977
3748,0,0,0.007551873816426211
3749,0,0,0.008731851365674292
3750,1,1,0.9774533851547997
3751,0,0,0.007601492599972011
3752,0,0,0.00885453340407521
3753,0,0,0.009417899391235806
3754,0,0,0.00940200371672997
3755,1,1,0.9925606538760708
3756,0,0,0.007944183738238488
3757,0,0,0.008634709713041982
3758,1,1,0.9992368791815015
3759,0,0,0.008396918502857188
3760,0,0,0.009860661881267252
3761,0,0,0.007586884520247679
3762,0,0,0.008116289746653706
3763,1,1,0.9995478366921008
3764,0,0,0.008541742230523291
3765,0,0,0.009184639232178052
3766,1,1,0.9992893617159497
3767,0,0,0.011725375366814521
3768,0,0,0.011710339762641452
3769,0,0,0.019988801631391977
3770,0,0,0.009319939770213235
3771,0,0,0.010386797169693611
3772,0,0,0.008133315225428867
3773,0,0,0.010169490380996533
3774,0,0,0.007957954184578295
3775,0,0,0.008578353946578576
3776,0,0,0.01620764310370495
3777,0,0,0.008852543721283723
3778,1,1,0.999134777406199
3779,0,0,0.007963387195242927
3780,1,1,0.9979557357687747
3781,0,0,0.024597045722853334
3782,0,0,0.007927729692306285
3783,0,0,0.009095922384402716
3784,0,0,0.010832121352899514
3785,0,0,0.010224968709753653
3786,0,0,0.007919900725957565
3787,0,0,0.007933107175641276
3788,0,0,0.019988801631391977
3789,1,1,0.999507906748283
3790,0,0,0.007892129488246876
3791,0,0,0.007763724914055888
3792,1,1,0.998443563256676
3793,0,0,0.00901405281626794
3794,0,0,0.015234028204829105
3795,0,0,0.009440828091713399
3796,0,0,0.007642777505096795
3797,0,0,0.048556602703943436
3798,0,0,0.007684667088439849
3799,0,0,0.008675290846239254
3800,0,0,0.008039985092458502
3801,1,1,0.9994611750433234
3802,0,0,0.008583678457020825
3803,0,0,0.00801146369586181
3804,0,0,0.008243068256376974
3805,0,0,0.0076914445927228434
3806,0,0,0.009131216904468165
3807,1,1,0.9995300783792143
3808,0,0,0.009783234827406
3809,0,0,0.00816045034392494
3810,0,0,0.007917999143804344
3811,0,0,0.012507786158182476
3812,0,0,0.008463928074253268
3813,0,0,0.011297769127442894
3814,0,0,0.00842248208567987
3815,0,0,0.008796519098073679
3816,0,0,0.008063124539713628
3817,0,0,0.008503086236196845
3818,0,0,0.01369360574314724
3819,1,1,0.9994956046450443
3820,0,0,0.008611679709779092
3821,0,0,0.008079290193325182
3822,0,0,0.007993689174293172
3823,0,0,0.012798260246293871
3824,0,0,0.023931881184288687
3825,0,0,0.011044628747242134
3826,0,0,0.01334543170159771
3827,0,0,0.008517067026574232
3828,1,1,0.9993775030907504
3829,0,0,0.007729167978805125
3830,0,0,0.007720547197039095
3831,0,0,0.01327469664668841
3832,0,0,0.007718277482826951
3833,0,0,0.007761906218285115
3834,0,0,0.01317502037015357
3835,0,0,0.0077787852445192675
3836,0,0,0.008760587022452037
3837,0,0,0.008505200869026723
3838,0,0,0.010884511901313157
3839,0,0,0.009936238649614251
3840,0,0,0.00786499980532197
3841,0,0,0.008365184812389485
3842,0,0,0.007960645573226387
3843,0,0,0.007711915467536609
3844,0,0,0.0084487115159779
3845,0,0,0.0076742573580818214
3846,0,0,0.010925518440950893
3847,0,0,0.007545427133416371
3848,1,1,0.9933818407636407
3849,0,0,0.01183903049778848
3850,0,0,0.010465560764796534
3851,0,0,0.023570266788954082
3852,0,0,0.019988801631391977
3853,0,0,0.0077537493031117006
3854,0,0,0.007990795914630908
3855,0,0,0.007880974429059195
3856,1,1,0.9956210359661248
3857,0,0,0.007843968601318075
3858,0,0,0.009390277850616895
3859,0,0,0.009197209937785786
3860,1,1,0.9972717827159121
3861,0,0,0.009566295135900417
3862,1,1,0.99893309469191
3863,0,0,0.010093354059744285
3864,1,0,0.49903793603067226
3865,0,0,0.007884667651818736
3866,0,0,0.007794808499634264
3867,0,0,0.007679398432276171
3868,0,0,0.009047036981463537
3869,0,0,0.008541029409919527
3870,0,0,0.008219152130371535
3871,0,0,0.007754094420028602
3872,0,0,0.008176066141246293
3873,0,0,0.008308077659252644
3874,0,0,0.007695619176877545
3875,0,0,0.008821728589849963
3876,0,0,0.008003595633872278
3877,0,0,0.011631283620132929
3878,0,0,0.008104897157702918
3879,0,0,0.008542041320665229
3880,0,0,0.007627011066543332
3881,0,0,0.007919779760575937
3882,0,0,0.01183903049778848
3883,0,0,0.009440828091713399
3884,0,0,0.00761192396191726
3885,1,1,0.9874772153162668
3886,0,0,0.012132355710890668
3887,0,0,0.009145384755796142
3888,0,0,0.009312997516382355
3889,0,0,0.008479326996676525
3890,0,0,0.028107667553932816
3891,1,1,0.9994258233124077
3892,0,0,0.00875144779096417
3893,1,1,0.9994540664738247
3894,0,0,0.018625647832467947
3895,1,1,0.9993193496523278
3896,0,0,0.010707648322752002
3897,1,1,0.9991695676478158
3898,0,0,0.008586443170052372
3899,0,0,0.00914566517928241
3900,0,0,0.007922160770651235
3901,0,0,0.009512503742246646
3902,0,0,0.009420017629484316
3903,0,0,0.007719177570983097
3904,0,0,0.007916651005432526
3905,1,1,0.9992287507442202
3906,1,1,0.9994492104852608
3907,0,0,0.008485616148933634
3908,0,0,0.00861170997612295
3909,0,0,0.00863325468570828
3910,0,0,0.008701875300452555
3911,0,0,0.007936450858442865
3912,0,0,0.007707587924403276
3913,1,1,0.9993174893568064
3914,0,0,0.0077696548144126675
3915,0,0,0.02596953328805478
3916,0,0,0.008044533673104174
3917,0,0,0.007761906218285115
3918,0,0,0.00772463026613213
3919,0,0,0.008606462775866552
3920,0,0,0.0076413971340653745
3921,1,1,0.9994360191100111
3922,0,0,0.008805733115296003
3923,0,0,0.007924966442005807
3924,0,0,0.007723905246738896
3925,0,0,0.011438746869991719
3926,0,0,0.008595399421697082
3927,0,0,0.008529831990428819
3928,0,0,0.007809080330796391
3929,0,0,0.010329901234596251
3930,0,0,0.009510231175788832
3931,0,0,0.0076790801578388
3932,0,0,0.009049405896653352
3933,0,0,0.009082429562394365
3934,0,0,0.016647418912613732
3935,0,0,0.007653473098828133
3936,0,0,0.008953036746916125
3937,0,0,0.013430691652144479
3938,0,0,0.0081929008819045
3939,0,0,0.017258112009777955
3940,0,0,0.009365128809981093
3941,0,0,0.009432130535493324
3942,1,1,0.9932338189763912
3943,0,0,0.00836022427272897
3944,0,0,0.00960216690437708
3945,0,0,0.00776408157449255
3946,0,0,0.008738296297702102
3947,0,0,0.008161877153995389
3948,0,0,0.007935855925297768
3949,0,0,0.007901072880411482
3950,0,0,0.009752014646260998
3951,0,0,0.008807230951540117
3952,0,0,0.007987263056722283
3953,0,0,0.007859567367540992
3954,1,1,0.9972191946998429
3955,0,0,0.008170170659654077
3956,0,0,0.008421670030979319
3957,0,0,0.008526103696442385
3958,0,0,0.009476966117702424
3959,0,0,0.008616919059004673
3960,0,0,0.008613705216433204
3961,0,0,0.011624908524952375
3962,0,0,0.014113417969957609
3963,1,1,0.9993413213334973
3964,0,0,0.009042026993202843
3965,0,0,0.008683829439814052
3966,0,0,0.008950801153309422
3967,0,0,0.00882641221775319
3968,1,1,0.9991866999293213
3969,0,0,0.007618829000448914
3970,0,0,0.008036860053306508
3971,0,0,0.008965026867326644
3972,1,1,0.9994526815424583
3973,0,0,0.011069861567952418
3974,0,0,0.008968420399036399
3975,0,0,0.009482115050667669
3976,0,0,0.008202361446019043
3977,0,0,0.008583458781201259
3978,1,1,0.9994775680254531
3979,0,0,0.013680729350456118
3980,0,0,0.009359354080434812
3981,1,1,0.808035189764644
3982,0,0,0.008679470652619002
3983,0,0,0.00801694968027076
3984,0,0,0.009121284718481401
3985,0,0,0.009740954401562056
3986,0,0,0.009762360479529107
3987,0,0,0.009317798895895605
3988,1,1,0.9990900242742103
3989,0,0,0.00782979215055966
3990,0,0,0.007674183496060744
3991,1,1,0.9406158235604544
3992,0,0,0.008091488163929711
3993,0,0,0.007942114681546054
3994,0,0,0.010210755306501786
3995,0,0,0.008914002986593783
3996,0,0,0.019988801631391977
3997,0,0,0.007609430044541086
3998,1,1,0.9991149811673018
3999,1,1,0.9995147928655721
4000,0,0,0.010588307411613415
4001,1,1,0.9994974786463997
4002,0,0,0.010825196531351312
4003,0,0,0.008832119413841263
4004,0,0,0.008498092037249537
4005,0,0,0.00792210515492582
4006,0,0,0.011254746815193568
4007,0,0,0.008133346102446783
4008,0,0,0.010671837173683727
4009,0,0,0.01502726778611069
4010,0,0,0.009284539490424511
4011,1,1,0.9968016050098573
4012,1,1,0.9994685106367447
4013,0,0,0.009539321035070766
4014,0,0,0.007761906218285115
4015,0,0,0.009372288317948861
4016,1,1,0.9762873052199682
4017,0,0,0.013776270325762265
4018,0,0,0.00898735979017324
4019,0,0,0.012712570046775756
4020,1,1,0.9993302919858851
4021,0,0,0.015357342537340115
4022,0,0,0.008925591480010486
4023,0,0,0.007802729832796536
4024,0,0,0.014057902511304227
4025,0,0,0.00802299507983386
4026,0,0,0.007453944530827019
4027,0,0,0.00847658642044186
4028,0,0,0.008128819623838336
4029,0,0,0.007602547328905562
4030,0,0,0.008526582036557376
4031,0,0,0.009331911399245971
4032,0,0,0.008209350337893766
4033,0,0,0.008577375603313894
4034,0,0,0.00896455100772737
4035,0,0,0.01430375625088468
4036,1,1,0.9994624645919342
4037,0,0,0.0129188535616588
4038,0,0,0.008142887740623975
4039,0,0,0.009902637447854008
4040,0,0,0.008398816974169278
4041,0,0,0.008197169393038627
4042,1,1,0.9994685106367447
4043,0,0,0.009298651466067358
4044,0,0,0.0075493533872436685
4045,0,0,0.010074176126437068
4046,0,0,0.009462417117740683
4047,1,1,0.9994855998039099
4048,1,1,0.9994726483854981
4049,0,0,0.010615632541358907
4050,0,0,0.007737491608095105
4051,0,0,0.007988936689602322
4052,0,0,0.008965764688271077
4053,0,0,0.007683273087133129
4054,0,0,0.00956741197129251
4055,0,0,0.007884481874158316
4056,0,0,0.008370395675234043
4057,0,0,0.007739660622494106
4058,0,1,0.8994400277075669
4059,0,0,0.00863645567508494
4060,1,1,0.9994484339910132
4061,1,1,0.998495127231018
4062,0,0,0.008455301652309444
4063,0,0,0.008743902262083714
4064,0,0,0.01766796573399389
4065,0,0,0.01053013552428542
4066,0,0,0.013250381514796522
4067,0,0,0.0076060097056292715
4068,1,1,0.9993550578537008
4069,1,1,0.5281464240566154
4070,0,0,0.00851104286684947
4071,0,0,0.008190181556523348
4072,0,0,0.008167391126116221
4073,1,1,0.9814409036326279
4074,0,0,0.011103605367020663
4075,0,0,0.007660701839717229
4076,0,0,0.015283434953901835
4077,1,1,0.9985552043292768
4078,0,0,0.008186552572339332
4079,0,0,0.011750800648574974
4080,0,0,0.007930103004484516
4081,0,0,0.00747873167998996
4082,0,0,0.010161931102010312
4083,0,0,0.013223642543503668
4084,0,0,0.008747429005994095
4085,0,0,0.007642113811691071
4086,1,1,0.9983121071584907
4087,0,0,0.009382049094955686
4088,1,1,0.9994609377072945
4089,0,0,0.00943452926460796
4090,0,0,0.007752056176614179
4091,1,1,0.9995236040165679
4092,0,0,0.00785890525787414
4093,0,0,0.009737126644508837
4094,0,0,0.008318307896108384
4095,0,0,0.010066377215368238
4096,0,0,0.008690570885988104
4097,0,0,0.012650250439869578
4098,0,0,0.00804637368904469
4099,0,0,0.00819275527552234
4100,0,0,0.008357918707299582
4101,0,0,0.00801338234599362
4102,1,1,0.9989618496692607
4103,0,0,0.007905943230411085
4104,1,1,0.9992551679035532
4105,0,0,0.010439386632063747
4106,0,0,0.00754940649157278
4107,0,0,0.008235035841824433
4108,1,1,0.9994411091193611
4109,0,0,0.00826505246999148
4110,0,0,0.010414514443067596
4111,0,0,0.008249117781106442
4112,1,1,0.9995601734560162
4113,0,0,0.008230795898260057
4114,0,0,0.007558037283265135
4115,0,0,0.008198715080611837
4116,0,0,0.020242727254447677
4117,0,0,0.008217041687979218
4118,0,0,0.007999772454587708
4119,0,0,0.007606261776892142
4120,0,0,0.008536873144963231
4121,0,0,0.008196271418417292
4122,0,0,0.009271395223546794
4123,0,0,0.008423958330436824
4124,0,0,0.00811958964708088
4125,0,0,0.008063017176630447
4126,0,0,0.019988801631391977
4127,1,1,0.9994123904733858
4128,0,0,0.00752047140064081
4129,0,0,0.010468643062887513
4130,0,0,0.009004117356550398
4131,0,0,0.009884423361062603
4132,0,0,0.00886927756857239
4133,0,0,0.008335672430424235
4134,1,1,0.9948769283378666
4135,0,0,0.013094750997425438
4136,0,0,0.007806137634167112
4137,0,0,0.019988801631391977
4138,0,0,0.007575547062077941
4139,0,0,0.00773904590028781
4140,0,0,0.009653970788112726
4141,0,0,0.007983732853842586
4142,0,0,0.008388582518892556
4143,0,0,0.008911484170270911
4144,1,0,0.1656215455471096
4145,0,0,0.009058522648030715
4146,0,0,0.008527954151658896
4147,0,0,0.007666184345347061
4148,0,0,0.008852433572844444
4149,1,1,0.9547848987205383
4150,0,0,0.008421535017328015
4151,0,0,0.008940857095127592
4152,0,0,0.009382145160116437
4153,0,0,0.012056980701010847
4154,1,1,0.9994187577777647
4155,0,0,0.007882247669646061
4156,1,1,0.9995483820208944
4157,0,0,0.013297285055961366
4158,0,0,0.011635275674928712
4159,0,0,0.009342163338532883
4160,0,0,0.00813280391536194
4161,0,0,0.011708144106148401
4162,1,1,0.9994158666458757
4163,0,0,0.010552520343222382
4164,0,0,0.008282402507135876
4165,0,0,0.00858303072395641
4166,1,1,0.9995361128090753
4167,0,0,0.009070819541591134
4168,0,0,0.007950685041390317
4169,1,1,0.999297471687918
4170,0,0,0.012527336730808197
4171,0,0,0.008624388094888627
4172,0,0,0.00759167729507491
4173,0,0,0.00752047140064081
4174,0,0,0.007878654038051176
4175,0,0,0.008894203968372897
4176,0,0,0.008893049734190462
4177,0,0,0.009465710394980623
4178,0,0,0.0077846514271605665
4179,0,0,0.012533125094714511
4180,0,0,0.00911219594755844
4181,0,0,0.008190584548060341
4182,0,0,0.007654953894561143
4183,1,1,0.9994854128389993
4184,0,0,0.007556913396287342
4185,0,0,0.008628109915562933
4186,0,0,0.01326275877158037
4187,0,0,0.0077390933645959045
4188,0,0,0.008570637005605931
4189,0,0,0.007963225306962628
4190,0,0,0.007865286614284202
4191,0,0,0.00752047140064081
4192,0,0,0.008042110060313653
4193,0,0,0.007631108171733912
4194,0,0,0.007659401657186496
4195,0,0,0.016576650778825124
4196,1,1,0.999327361830551
4197,0,0,0.007991122947212433
4198,1,1,0.9995478366921008
4199,1,1,0.999507906748283
4200,1,1,0.9940868373616145
4201,0,0,0.00851378236071385
4202,0,0,0.008912441870167652
4203,0,0,0.007703490871579441
4204,0,0,0.008356631808482387
4205,0,0,0.008886834145303977
4206,1,1,0.9992709708542983
4207,0,0,0.013166644940456695
4208,0,0,0.009673105061525522
4209,0,0,0.007691561190290597
4210,0,0,0.008948435529751782
4211,0,0,0.008251237578424829
4212,0,0,0.01015579227376463
4213,1,0,0.38470951577620166
4214,0,0,0.019988801631391977
4215,0,0,0.007764747678184876
4216,0,0,0.009033651825580412
4217,0,0,0.008777478570428808
4218,0,0,0.008786813702112432
4219,0,0,0.012356900435314174
4220,0,0,0.008012801104268023
4221,0,0,0.008984335260036173
4222,0,0,0.009849533816753926
4223,0,0,0.008063780194409611
4224,0,0,0.012479182210170182
4225,0,0,0.0178197766596501
4226,0,0,0.007954315042931055
4227,0,0,0.008602559560973553
4228,0,0,0.008680460137047727
4229,0,0,0.011467827878777172
4230,0,0,0.007900516712863745
4231,0,0,0.009102449917494619
4232,0,0,0.007884117701893694
4233,0,0,0.00792996902675145
4234,0,0,0.008946833505898045
4235,0,0,0.007900686474519582
4236,1,1,0.9994661524206082
4237,1,1,0.9994309191952747
4238,0,0,0.011897548503754992
4239,0,0,0.008617159494243744
4240,0,0,0.00773775403554742
4241,0,0,0.008236786454843367
4242,0,0,0.008909979584216547
4243,1,1,0.9990417118888633
4244,0,0,0.009512503742246646
4245,0,0,0.008932528256705784
4246,0,0,0.01034167756202861
4247,0,0,0.010084877128442239
4248,1,1,0.9977477101208622
4249,1,1,0.9052521165906638
4250,0,0,0.008973556956916547
4251,0,0,0.019988801631391977
4252,0,0,0.008177878570030965
4253,0,0,0.018987021845106776
4254,0,0,0.008441589855629634
4255,0,0,0.019988801631391977
4256,1,1,0.7487855223829605
4257,0,0,0.00975722251123865
4258,1,1,0.9993148600445982
4259,0,0,0.00891073464650592
4260,0,0,0.008101316594517268
4261,0,0,0.008966490652518816
4262,0,0,0.01013872084485517
4263,0,0,0.008039673808661035
4264,0,0,0.007843770163695155
4265,0,0,0.008939644025001279
4266,0,0,0.007669701242804461
4267,0,0,0.01057878367122079
4268,0,0,0.00766053320933922
4269,0,0,0.00827474751097186
4270,0,0,0.012387682415800993
4271,0,0,0.00796236100883704
4272,1,1,0.9993702442953115
4273,0,0,0.019988801631391977
4274,0,0,0.008313700600202959
4275,0,0,0.009580822555368438
4276,0,0,0.011126351597851998
4277,0,0,0.013016521339355016
4278,0,0,0.013881467013603386
4279,0,0,0.008341340587242214
4280,1,1,0.999369768580682
4281,1,1,0.9995026125881928
4282,0,0,0.009863950642510074
4283,0,0,0.019988801631391977
4284,0,0,0.008603958550131456
4285,0,0,0.008716404422300334
4286,0,0,0.019988801631391977
4287,0,0,0.00833460858323798
4288,0,0,0.007969975308891767
4289,0,0,0.00887500859778111
4290,0,0,0.007758956102725043
4291,0,0,0.007622926680640953
4292,0,0,0.019988801631391977
4293,0,0,0.019988801631391977
4294,0,0,0.00829474456081011
4295,1,1,0.998750206778862
4296,1,1,0.9993093088120717
4297,1,1,0.9978702821375186
4298,1,1,0.5929064921614611
4299,1,1,0.9993701911360447
4300,0,0,0.007964143657077477
4301,0,0,0.013223993901578966
4302,0,0,0.0077724476665596695
4303,0,0,0.008962328912671187
4304,0,0,0.013463685523159265
4305,0,0,0.009341716214644379
4306,0,0,0.007808585481524465
4307,0,0,0.008526690611532325
4308,0,0,0.015728874147263712
4309,0,0,0.010344618022698626
4310,0,0,0.00842406919903364
4311,1,1,0.9989808933273197
4312,0,0,0.007801932922553457
4313,0,0,0.010220789785819669
4314,0,0,0.00833224842017414
4315,0,0,0.008701696358228189
4316,0,0,0.010363266384920428
4317,0,0,0.028607282585076325
4318,0,0,0.008690115142579575
4319,0,0,0.010956831151761845
4320,0,0,0.012901503478427008
4321,0,0,0.008197032678646408
4322,0,0,0.007475612246822979
4323,0,0,0.007763429788835528
4324,0,0,0.010675467941219567
4325,0,0,0.008875911003807732
4326,0,0,0.016185437823317984
4327,0,0,0.019988801631391977
4328,0,0,0.008169689599901907
4329,1,1,0.9993237893721936
4330,0,0,0.009022530882177287
4331,0,0,0.008596779420966462
4332,0,0,0.00790032706099091
4333,0,0,0.00796681431641782
4334,0,0,0.008532682529418176
4335,0,0,0.008925892263923402
4336,0,0,0.007643173596978005
4337,0,0,0.007877247504046945
4338,0,0,0.011880096949226636
4339,0,0,0.011067552287652221
4340,0,0,0.008015997779991492
4341,0,0,0.007511597654059617
4342,0,0,0.00885870142529691
4343,0,0,0.007781830736771597
4344,0,0,0.011636053658034917
4345,0,0,0.008472928443650628
4346,0,0,0.010554208373677739
4347,0,0,0.010879036163445082
4348,1,1,0.9992551679035532
4349,0,0,0.007518544875926087
4350,0,0,0.00796920311949299
4351,0,0,0.008993443862712521
4352,0,0,0.008639837003426147
4353,0,0,0.00846091334080023
4354,0,0,0.008492358667916916
4355,1,1,0.9993107041854511
4356,0,0,0.010045989409458713
4357,0,0,0.012776665506681235
4358,0,0,0.00845367600146525
4359,1,1,0.9992168925676325
4360,0,0,0.017190770099743718
4361,0,0,0.008121256917873588
4362,0,0,0.0075900640595511805
4363,0,0,0.008394765247152191
4364,0,0,0.008017037809917141
4365,0,0,0.009029941690423223
4366,0,0,0.013324964567579653
4367,0,0,0.008668772047726212
4368,0,0,0.009136416344636283
4369,0,0,0.007936769979399473
4370,0,0,0.010608183530629011
4371,1,1,0.9993313256053739
4372,0,0,0.010310492031297911
4373,1,1,0.5819327282202023
4374,0,0,0.008571154524277248
4375,0,0,0.007893399230519233
4376,1,1,0.9993735761087752
4377,1,1,0.9993331262406184
4378,0,0,0.01407880191590128
4379,0,0,0.008049885235587214
4380,0,0,0.010116688447845378
4381,0,0,0.008529254852305677
4382,0,0,0.019988801631391977
4383,0,0,0.007584350079641128
4384,0,0,0.007974655085792847
4385,0,0,0.00790919528855594
4386,1,1,0.9994853785387199
4387,0,0,0.009904306431509986
4388,0,0,0.01288245752787021
4389,0,0,0.019988801631391977
4390,0,0,0.0077006194478271535
4391,0,0,0.010537822979355148
4392,0,0,0.01057878367122079
4393,0,0,0.01785910712592861
4394,1,1,0.9968139531435972
4395,0,0,0.008730118707854844
4396,0,0,0.009577661133996345
4397,0,0,0.008669253747048222
4398,0,0,0.008078533238342818
4399,0,0,0.00889548093124325
4400,0,0,0.008300652517662934
4401,0,0,0.009576445345643928
4402,0,0,0.010109011130640904
4403,0,0,0.007962860753103977
4404,0,0,0.008454600062510078
4405,0,0,0.007493272378908907
4406,0,0,0.0077671567398726275
4407,1,1,0.9992544880680712
4408,0,0,0.007580280317521339
4409,0,0,0.007773514617183527
4410,1,1,0.9988389863365006
4411,0,0,0.009522221713915919
4412,0,0,0.011087683750486271
4413,0,0,0.007870327761238223
4414,0,0,0.008101316594517268
4415,0,0,0.008413463688132523
4416,0,0,0.008287490418081191
4417,0,0,0.00884538582577207
4418,0,0,0.007668567537650399
4419,0,1,0.5657215414867134
4420,0,0,0.008660739520314117
4421,0,0,0.009559356792458904
4422,0,0,0.008237224784167994
4423,0,0,0.009926534327392442
4424,0,0,0.008316130422186202
4425,0,0,0.019567834296251967
4426,0,0,0.00913015231305
4427,0,0,0.013102998381408337
4428,0,0,0.008235082317490006
4429,0,0,0.008331288217492828
4430,0,0,0.007604568727469325
4431,0,0,0.008179551675827998
4432,0,0,0.008686434070963317
4433,0,0,0.008246270581165007
4434,0,0,0.007857516454461777
4435,0,0,0.007805928649827672
4436,1,1,0.9990724102012659
4437,0,0,0.009501299094532992
4438,0,0,0.007586414678478413
4439,0,0,0.008628407001854783
4440,0,0,0.009670492094004484
4441,0,0,0.007989361614067303
4442,0,0,0.00854642829521278
4443,0,0,0.00917332196148701
4444,0,0,0.007972740204313652
4445,0,0,0.008449319480634309
4446,0,0,0.010786570490726937
4447,0,0,0.011976859440667674
4448,0,0,0.009561774927727227
4449,0,0,0.008527092380714404
4450,1,1,0.9995257718519311
4451,0,0,0.011126767283330367
4452,0,0,0.007637233656929994
4453,0,0,0.009480107618189978
4454,0,0,0.008261820704871093
4455,0,0,0.007668188102588726
4456,0,0,0.02048723117767143
4457,0,0,0.008819977517453352
4458,0,0,0.0075796829548868865
4459,0,0,0.011010269223216244
4460,1,1,0.9993458203250544
4461,0,0,0.008621221664268064
4462,0,0,0.008100035195570088
4463,0,0,0.008020510447287719
4464,0,0,0.007649961844459581
4465,0,0,0.011991747662574015
4466,0,0,0.010304023557536547
4467,0,0,0.008480652213400655
4468,0,0,0.011280414326525726
4469,0,0,0.008159866095905051
4470,0,0,0.007546584221313182
4471,0,0,0.00887051821556548
4472,0,0,0.010142370763254555
4473,1,1,0.9938290546796952
4474,0,0,0.008362441048430376
4475,1,1,0.8755135007839684
4476,0,0,0.008337594341313075
4477,0,0,0.007720360210414287
4478,0,0,0.00840878629209249
4479,0,0,0.008012801104268023
4480,0,0,0.019988801631391977
4481,0,0,0.018612765067513314
4482,0,0,0.01449597235979327
4483,0,0,0.011297098464738616
4484,0,0,0.008537646925187227
4485,0,0,0.008306611690078198
4486,0,0,0.015262790755909812
4487,0,0,0.009358879804492109
4488,0,0,0.010361426984407979
4489,0,0,0.009479096009236061
4490,0,0,0.025714021416748806
4491,0,0,0.007951583489231775
4492,0,0,0.008854103585155246
4493,0,0,0.009595460478102034
4494,0,0,0.008198097124937265
4495,0,0,0.007973676960878412
4496,0,0,0.011170166286675337
4497,0,0,0.008092190339933185
4498,0,0,0.007761906218285115
4499,1,1,0.9994907885605616
4500,1,1,0.9993502767131042
4501,0,0,0.011240368648132342
4502,0,0,0.008093381796400251
4503,0,0,0.012244889564974562
4504,0,0,0.010368509538178451
4505,0,0,0.008045898440828736
4506,1,1,0.9969987294879648
4507,0,0,0.009309720076757587
4508,0,0,0.007586632318562798
4509,0,0,0.009567162922796236
4510,0,0,0.010759054415778496
4511,0,0,0.009011699123890255
4512,0,0,0.00852746657626893
4513,0,0,0.007886146948381467
4514,1,0,0.07189850186603566
4515,0,0,0.0077006547149453515
4516,0,0,0.009586500844274875
4517,1,1,0.9993237893721936
4518,0,0,0.009808497512880513
4519,0,0,0.009568711467070033
4520,0,0,0.0075521490487538145
4521,0,0,0.007561563142278788
4522,0,0,0.008236461827986954
4523,0,0,0.009140257453102318
4524,0,0,0.008363174531273308
4525,0,0,0.00936900781837113
4526,0,0,0.007666496068261894
4527,1,1,0.9866859689526133
4528,0,0,0.008654322326543885
4529,0,0,0.009112365896090357
4530,0,0,0.00797125352304593
4531,0,0,0.008452498496826298
4532,0,0,0.008202277420919932
4533,0,0,0.008511302086538513
4534,1,1,0.9992001708480258
4535,0,0,0.00972010057715227
4536,0,0,0.008042724054707127
4537,0,0,0.008428834168681185
4538,0,0,0.011101930298104395
4539,0,0,0.009312680848884697
4540,0,0,0.00776625174373651
4541,0,0,0.055508021259871226
4542,0,0,0.008620890716568637
4543,1,1,0.9079305213575678
4544,0,0,0.009499787280061052
4545,0,0,0.00975216776887606
4546,0,0,0.007858334771260795
4547,0,0,0.008879858600422437
4548,0,0,0.009497520555955806
4549,0,0,0.008793428409605562
4550,0,0,0.009195367721280262
4551,0,0,0.010186323117273207
4552,0,0,0.009306787735868892
4553,0,0,0.011719872034579465
4554,0,0,0.008229788792361482
4555,0,0,0.00942710874371872
4556,0,0,0.01482519810401832
4557,0,0,0.028168386031520446
4558,0,0,0.00787537580022982
4559,0,0,0.009999596396948736
4560,0,0,0.007747490075621633
4561,0,0,0.008715898954310334
4562,0,0,0.008105534424154152
4563,0,0,0.014552287963977142
4564,0,0,0.007772795927887891
4565,0,0,0.009288606894340771
4566,0,0,0.011276369813493852
4567,0,0,0.0077041046959220975
4568,0,0,0.011319605222360142
4569,0,0,0.007832168576718953
4570,0,0,0.008150342753690953
4571,1,1,0.9988340430472491
4572,0,0,0.013227329622318061
4573,0,0,0.008412211235306628
4574,1,1,0.9993457321077198
4575,0,0,0.019988801631391977
4576,0,0,0.01006214292364039
4577,1,1,0.9994722295308367
4578,1,1,0.9994138802172274
4579,1,1,0.9994927180197225
4580,0,0,0.008360990267369693
4581,0,0,0.007722073119975599
4582,0,0,0.008300662871676197
4583,0,0,0.008683100949925183
4584,1,1,0.9994510796923058
4585,0,0,0.008701513226937562
4586,1,1,0.9992551679035532
4587,1,1,0.999134777406199
4588,0,0,0.007842446126376372
4589,0,0,0.007785447748352168
4590,0,0,0.008359743668039338
4591,0,0,0.007764206667982967
4592,1,1,0.999471512575865
4593,0,0,0.00878338896757476
4594,0,0,0.007687942500732087
4595,0,0,0.007742059587952013
4596,0,0,0.00819304514969441
4597,0,0,0.008059156582941762
4598,0,0,0.009380447739959752
4599,0,0,0.007822758141958363
4600,0,0,0.050650291587647854
4601,0,0,0.008397802259616052
4602,1,1,0.9984061224544307
4603,0,0,0.008646227148580696
4604,0,0,0.008772374319196325
4605,0,0,0.008306598973698388
4606,0,0,0.008206495967189026
4607,0,0,0.007766277497472955
4608,0,0,0.014698283528180379
4609,0,0,0.00871124105894795
4610,0,0,0.008950674273946963
4611,0,0,0.00927909033142705
4612,0,0,0.008033752879086779
4613,0,0,0.008259902715969455
4614,0,0,0.009581724829767298
4615,0,0,0.008617123938713448
4616,1,1,0.998769733960504
4617,0,0,0.00862207079484924
4618,0,0,0.00847696408987258
4619,0,0,0.008571012343267315
4620,0,0,0.007556913396287342
4621,0,0,0.010057174658698417
4622,0,0,0.0241839813960508
4623,0,0,0.010030829512258426
4624,0,0,0.00831530525934784
4625,0,0,0.008053721962820667
4626,0,0,0.008278762365517452
4627,0,0,0.00930395787108796
4628,1,1,0.9995561925717956
4629,1,1,0.9994264866982608
4630,0,0,0.015457168774264278
4631,0,0,0.009939734616893516
4632,0,0,0.008369451977933533
4633,0,0,0.008115609361686303
4634,0,0,0.01571885270182741
4635,0,0,0.05772668710682062
4636,0,0,0.007879487772081957
4637,0,0,0.008198432425492966
4638,0,0,0.009033731544628913
4639,0,0,0.011066703818928783
4640,0,0,0.00788432108557439
4641,0,0,0.01352474590591491
4642,0,0,0.0097377312431357
4643,1,1,0.9994070147656473
4644,0,0,0.008720486941091801
4645,0,0,0.008545606896750971
4646,0,0,0.008312862155233337
4647,1,1,0.9994922875487067
4648,0,0,0.010277937196497541
4649,0,0,0.007651944918680279
4650,0,0,0.023931881184288687
4651,0,0,0.008679263092119036
4652,1,1,0.9898656715491979
4653,0,0,0.008342680550426078
4654,0,0,0.008095926765232148
4655,0,0,0.008018498611078223
4656,0,0,0.00899025644737904
4657,0,0,0.008174308005246378
4658,1,1,0.9994580626608573
4659,0,0,0.011862854946064422
4660,0,0,0.008398816974169278
4661,0,0,0.00926652712911092
4662,0,0,0.0084588735672306
4663,0,0,0.02127687109420295
4664,0,0,0.011082815010828985
4665,0,0,0.008217966376422732
4666,0,0,0.0078470610973807
4667,0,0,0.011714493214180267
4668,0,0,0.008568145991168171
4669,0,0,0.013016967734833086
4670,0,0,0.008571094213157092
4671,0,0,0.011427196056564557
4672,0,0,0.011597926365136332
4673,1,1,0.9985462372004749
4674,0,0,0.00795176735858697
4675,0,0,0.00862182782463674
4676,1,1,0.979951309631193
4677,0,0,0.01146440983678005
4678,0,0,0.019988801631391977
4679,0,0,0.008960505042267732
4680,0,0,0.00878001964050634
4681,0,0,0.007938619355985532
4682,0,0,0.009796841952282547
4683,0,0,0.008640416335714836
4684,0,0,0.009618233882462256
4685,0,0,0.008121721686624266
4686,0,0,0.007661315244410658
4687,0,0,0.009161580035471685
4688,0,0,0.009492191098168753
4689,0,0,0.009365867553935276
4690,0,0,0.008128662905663553
4691,0,0,0.0084588735672306
4692,0,0,0.009728310929639866
4693,0,0,0.009141058563546045
4694,0,0,0.010107398969860916
4695,0,0,0.008878597109381334
4696,1,1,0.9994817798122156
4697,0,0,0.012085060901448478
4698,0,0,0.008653622738891448
4699,0,0,0.007939289799565109
4700,0,0,0.008233138003429036
4701,1,1,0.999403571628591
4702,0,0,0.39456029726056774
4703,0,0,0.03694774510055047
4704,0,0,0.00908140230623131
4705,0,0,0.007951064228610572
4706,0,0,0.008500224890534347
4707,0,0,0.008369074706992895
4708,0,0,0.01298030705697547
4709,0,0,0.008383632510266371
4710,0,0,0.007915113430287866
4711,0,0,0.008942358023797559
4712,0,0,0.008161329387641617
4713,0,0,0.008683730914043083
4714,0,0,0.00898043000023208
4715,0,0,0.008257328285635995
4716,0,0,0.01861001275580696
4717,0,0,0.008177324628803391
4718,0,0,0.007930779144154668
4719,0,0,0.010174745382590413
4720,0,0,0.007625950491454765
4721,0,0,0.008502605398575482
4722,0,0,0.007728626857057753
4723,0,0,0.00821266132549012
4724,0,0,0.01153618462063111
4725,1,1,0.9968252480880362
4726,0,0,0.00794176311144526
4727,0,0,0.007852535611558902
4728,1,1,0.9994318052987867
4729,0,0,0.054465033427682615
4730,0,0,0.009923866773295603
4731,0,0,0.007591382703204425
4732,0,0,0.0315448377720861
4733,0,0,0.008065021846131856
4734,0,0,0.008069689070707204
4735,1,1,0.9991721205362208
4736,0,0,0.008621449173282112
4737,0,0,0.01284808105859066
4738,0,0,0.00863157924357739
4739,0,0,0.00798148622092773
4740,0,0,0.009757017167221344
4741,0,0,0.008293212959934605
4742,0,0,0.008387666450526033
4743,0,0,0.008296364245056871
4744,0,0,0.00787537580022982
4745,0,0,0.009697040598372108
4746,1,1,0.999303329561803
4747,0,0,0.008379877854741043
4748,0,0,0.014235219402787911
4749,0,0,0.008276239295405854
4750,0,0,0.00826946537673455
4751,0,0,0.008568705081634789
4752,1,1,0.9889115671760375
4753,0,0,0.008750498929113556
4754,1,1,0.9786321119903039
4755,0,0,0.007827489533784204
4756,0,0,0.007711751424073042
4757,0,0,0.008295686825979257
4758,0,0,0.010385920523320305
4759,1,1,0.9995295232436144
4760,1,1,0.9982589608664505
4761,0,0,0.008146685763178833
4762,0,0,0.013145420725931344
4763,0,0,0.012075263611907501
4764,0,0,0.01302375927405984
4765,0,0,0.020341300503352422
4766,0,0,0.0127669222912533
4767,0,0,0.018336816785803796
4768,1,1,0.9988623543428573
4769,0,0,0.00874537521937366
4770,0,0,0.008477869447935937
4771,0,0,0.008251838501784287
4772,0,0,0.00785981420454418
4773,0,0,0.031158923819508223
4774,0,0,0.0075087103338250215
4775,0,0,0.009675140616596292
4776,0,0,0.015549743002378495
4777,0,0,0.007826054979516639
4778,0,0,0.009327698672852325
4779,0,0,0.008076499862445801
4780,0,0,0.00992366849903134
4781,0,0,0.009150847855609295
4782,0,0,0.007934724211049375
4783,0,0,0.014403430686596249
4784,0,0,0.009902849943718376
4785,0,0,0.008162848896038825
4786,1,1,0.9995068112566899
4787,0,0,0.009758514905364644
4788,0,0,0.007807750468967488
4789,0,0,0.007511777278743438
4790,0,0,0.013195273398543803
4791,0,0,0.008126154864746687
4792,0,0,0.01956090147525397
4793,0,0,0.012522596059648367
4794,0,0,0.007572139560050153
4795,0,0,0.007897331633510155
4796,0,0,0.008255873435686602
4797,1,1,0.9994540664738247
4798,1,1,0.9596392695016869
4799,0,0,0.007740960593846844
4800,0,0,0.008921336383099955
4801,0,0,0.008026802310019341
4802,0,0,0.00833954191512466
4803,0,0,0.019988801631391977
4804,0,0,0.009188447766996741
4805,0,0,0.008240027734717376
4806,0,0,0.008601424564506119
4807,0,0,0.007892246026015966
4808,1,1,0.9993611941167422
4809,0,0,0.008289502732738933
4810,0,0,0.007704027155545307
4811,0,0,0.011203705616096807
4812,0,0,0.008817893377879037
4813,0,0,0.00893130919808291
4814,0,0,0.007634115830861901
4815,0,0,0.008517668484122982
4816,0,0,0.007914890616727979
4817,0,0,0.009742789295572884
4818,0,0,0.00807405726100568
4819,0,0,0.012552430937958055
4820,0,0,0.008165354070387636
4821,1,0,0.44198134759053925
4822,0,0,0.008127732782854275
4823,1,1,0.9995281817879677
4824,0,0,0.019988801631391977
4825,0,0,0.008390419398294678
4826,0,0,0.0084934198731467
4827,0,0,0.008567466290414305
4828,0,0,0.00793889919377171
4829,0,0,0.008864132086005026
4830,0,0,0.011409429466440394
4831,0,0,0.01013066500136053
4832,0,0,0.01030158785679518
4833,0,0,0.008345376376657991
4834,1,1,0.9993058016373958
4835,0,0,0.010070251455745376
4836,0,0,0.008398029785780374
4837,0,0,0.008862003856088251
4838,0,0,0.012873445624178085
4839,0,0,0.00926001739147478
4840,0,0,0.010383801172955667
4841,1,1,0.9994501955262235
4842,0,0,0.01059456776446392
4843,0,0,0.007651481153642096
4844,0,0,0.008154328738029968
4845,1,1,0.9991866999293213
4846,0,0,0.010039408556272477
4847,0,0,0.008628243321240146
4848,0,0,0.008394061041937032
4849,0,0,0.029248652212961114
4850,0,0,0.00786889894617936
4851,0,0,0.01003931073127243
4852,0,0,0.009492677221978657
4853,0,0,0.013127518032602129
4854,0,0,0.00799450374714236
4855,0,0,0.009508011421444123
4856,0,0,0.019988801631391977
4857,0,0,0.008354233888644083
4858,0,0,0.010959716175552109
4859,0,0,0.007761906218285115
4860,0,0,0.007912319032026141
4861,0,0,0.009566944713719692
4862,0,0,0.3092096559969733
4863,1,1,0.9995189656829779
4864,1,1,0.9991149811673018
4865,0,0,0.00783689833988351
4866,0,0,0.0082011446596112
4867,0,0,0.007881429792165212
4868,0,0,0.009441306625744827
4869,0,0,0.013170910478711911
4870,0,0,0.00865242712372098
4871,0,0,0.008243105673523416
4872,0,0,0.009777282712589645
4873,0,0,0.00807344793963757
4874,0,0,0.008609752319642129
4875,0,0,0.00885616294449777
4876,0,0,0.008682295822864318
4877,1,1,0.9994358006937917
4878,0,0,0.009166257450655435
4879,1,1,0.9994765997448254
4880,0,0,0.013658478371416153
4881,0,0,0.008095985725807811
4882,0,0,0.008925591480010486
4883,0,0,0.010473954065546335
4884,0,0,0.013166502610398785
4885,0,0,0.01105605315236885
4886,0,0,0.009404006076974013
4887,0,0,0.011859198749008723
4888,1,1,0.9992814945700745
4889,0,0,0.007720675800214714
4890,0,0,0.009348765798979253
4891,0,0,0.007656741433378521
4892,0,0,0.008986213720195485
4893,0,0,0.008125189123751327
4894,0,0,0.021105766883797013
4895,0,0,0.011408987111479061
4896,1,1,0.9994243466030048
4897,0,0,0.01172244974530244
4898,0,0,0.008398816974169278
4899,0,0,0.008248781212680727
4900,0,0,0.007692533117364114
4901,1,1,0.9994424511019782
4902,0,0,0.007784082415317873
4903,1,1,0.999361726824205
4904,0,0,0.012270350715238172
4905,0,0,0.007876718882518847
4906,1,1,0.9626415274608512
4907,0,0,0.0079608608769048
4908,0,0,0.020135328214771934
4909,0,0,0.009762360479529107
4910,0,0,0.00855877382870546
4911,0,0,0.010362659689688336
4912,0,0,0.009778458198984739
4913,0,0,0.009168281039352818
4914,1,1,0.9041225738735149
4915,0,0,0.009536332533167876
4916,0,0,0.00823785216359092
4917,0,0,0.0101076121047053
4918,1,1,0.999527645226862
4919,0,0,0.011346051308395184
4920,0,0,0.008376582851130023
4921,0,0,0.013188215114964357
4922,0,0,0.007658046948593153
4923,0,0,0.007929378727117204
4924,0,0,0.00836708255263832
4925,0,0,0.013269934884460793
4926,0,0,0.007940307582345619
4927,0,0,0.008653430437699233
4928,0,0,0.01490268104971293
4929,0,0,0.00856748426966266
4930,1,1,0.996500580405074
4931,1,1,0.9853709190589247
4932,0,0,0.008294096143850708
4933,0,0,0.007791849624385855
4934,0,0,0.016077135392073415
4935,0,0,0.008517913646092822
4936,0,0,0.008369490935393293
4937,0,0,0.019988801631391977
4938,0,0,0.008552641778773478
4939,0,0,0.007980493151733797
4940,0,0,0.007537669196346157
4941,0,0,0.007711900015894486
4942,0,0,0.009159495716316753
4943,0,0,0.007698686854879904
4944,0,0,0.010600478934923455
4945,0,0,0.00999169225088103
4946,0,0,0.007995946433369342
4947,0,0,0.007873048672864438
4948,1,1,0.9993986661724023
4949,1,1,0.5566341041219969
4950,0,0,0.008434997689788046
4951,0,0,0.0108765201741619
4952,0,0,0.007993070549365516
4953,1,1,0.9991012501865564
4954,0,0,0.012539026116476944
4955,0,0,0.007741193537988725
4956,0,0,0.00903410238048872
4957,0,0,0.007901450375279475
4958,0,0,0.009804545147296055
4959,0,0,0.008106451855410415
4960,0,0,0.00791492591249386
4961,0,0,0.007524864899259438
4962,0,0,0.008731851365674292
4963,0,0,0.008033743731971526
4964,0,0,0.00908607680828979
4965,1,1,0.9975797985927503
4966,0,0,0.012511762619498316
4967,1,1,0.9995424713158592
4968,1,1,0.9287011681151895
4969,0,0,0.011214706170248327
4970,0,0,0.007823329678396072
4971,0,0,0.007924050993428512
4972,0,0,0.007956675472650629
4973,0,0,0.007900863486280722
4974,0,0,0.008048079880797178
4975,0,0,0.008153709404987256
4976,0,0,0.008159772339149012
4977,0,0,0.011969604904953355
4978,0,0,0.008395866050105701
4979,0,0,0.22682283524615504
4980,0,0,0.010645207467572814
4981,0,0,0.008048457565901803
4982,0,0,0.00771932813401984
4983,0,0,0.007817456843768372
4984,0,0,0.009967322274471849
4985,1,1,0.9994299315952807
4986,0,0,0.009351536222392575
4987,0,0,0.009371465282228814
4988,0,0,0.008851095148989113
4989,0,0,0.019988801631391977
4990,0,0,0.009766680609014958
4991,1,1,0.9994138193109211
4992,0,0,0.011090811174012198
4993,0,0,0.008172178786580888
4994,0,0,0.007752854759290919
4995,0,0,0.008707302113551205
4996,0,0,0.00957969532369996
4997,0,0,0.008000169969145128
4998,0,0,0.00899359971107815
4999,0,0,0.010967570949673643
5000,0,0,0.008892381266177108
5001,0,0,0.008373663067552084
5002,0,0,0.008953368656738316
5003,0,0,0.008444327367880106
5004,1,1,0.9993948923292337
5005,0,0,0.007579084259471575
5006,0,0,0.008410815792826295
5007,0,0,0.00841246970280293
5008,0,0,0.007963355945815967
5009,0,0,0.00843736890027907
5010,0,0,0.012228009870576245
5011,0,0,0.007940512076822429
5012,1,1,0.9995850293319128
5013,0,0,0.011560847367534287
5014,0,0,0.009216938985131819
5015,0,0,0.008187803413156081
5016,0,0,0.010820931241803017
5017,0,0,0.009019166069430108
5018,1,1,0.9994589116884345
5019,0,0,0.007665608845549459
5020,0,0,0.009080286831669043
5021,0,0,0.008407628899279962
5022,0,0,0.010713241749629378
5023,0,0,0.008412429109387332
5024,0,0,0.00881313250102698
5025,0,0,0.009800239515007159
5026,0,0,0.007535821962456032
5027,1,1,0.9994577339083944
5028,1,1,0.9994652136127886
5029,0,0,0.010639501462724913
5030,1,1,0.9988435124126631
5031,0,0,0.008591871309072994
5032,0,0,0.008190351022099005
5033,0,0,0.007705046029427857
5034,0,0,0.00810061353240922
5035,0,0,0.009762360479529107
5036,0,0,0.008681664681223826
5037,1,1,0.9895323064339523
5038,0,0,0.00888767734441468
5039,0,0,0.008710174947787402
5040,0,0,0.009700275622894798
5041,1,1,0.9994271925430178
5042,0,0,0.00900693379971558
5043,1,1,0.9939958462659207
5044,0,0,0.009510948206773886
5045,0,0,0.007481297191399386
5046,0,0,0.05235254486249629
5047,0,0,0.008263765964264718
5048,0,0,0.009085534495042959
5049,0,0,0.008312007347703909
5050,0,0,0.009216714869874333
5051,0,0,0.012531086423283272
5052,0,0,0.008208967867060704
5053,0,0,0.013045090525635433
5054,0,0,0.009271652029012695
5055,1,1,0.9993725328315518
5056,0,0,0.012699697756264712
5057,0,0,0.008217869029976017
5058,0,0,0.00866255539693003
5059,0,0,0.008369926937078446
5060,1,1,0.9994526815424583
5061,0,0,0.007655182614239953
5062,0,0,0.007515625079103991
5063,0,0,0.00808502034182232
5064,0,0,0.008246413601060112
5065,0,0,0.008035439957643595
5066,0,0,0.007495786373911702
5067,0,0,0.024261820219309272
5068,1,1,0.9991730150954771
5069,0,0,0.010967570949673643
5070,0,0,0.00954356411343147
5071,1,1,0.9991345189106169
5072,0,0,0.011631814465237124
5073,1,1,0.998787849408627
5074,0,0,0.008333494753741377
5075,0,0,0.007511597654059617
5076,1,1,0.9994704187147467
5077,0,0,0.008358655779148938
5078,0,0,0.008507099680903473
5079,1,1,0.9994670923458172
5080,0,0,0.008061395286683124
5081,0,0,0.008989225435943642
5082,0,0,0.014298487362471704
5083,0,0,0.008090819404375829
5084,0,0,0.007977015469053321
5085,0,0,0.012736899979262629
5086,0,0,0.008642391059321464
5087,0,0,0.007654967368434401
5088,0,0,0.009334692317371647
5089,0,0,0.01210519483573601
5090,0,0,0.013070063751203164
5091,0,0,0.013223642543503668
5092,0,0,0.008220412430134634
5093,0,0,0.009514475057103376
5094,0,0,0.01492669827449461
5095,0,0,0.008783595350191326
5096,0,0,0.0075220123883232085
5097,0,0,0.008818050219616149
5098,1,1,0.9600862311802089
5099,0,0,0.007559044878462891
5100,0,0,0.00944107214964522
5101,0,0,0.008182893521824918
5102,1,1,0.9993695894364629
5103,0,0,0.015449191581458615
5104,0,0,0.009661763937639671
5105,0,0,0.009747047668000155
5106,0,0,0.009726722167741056
5107,0,0,0.008425323146555428
5108,0,0,0.008197881171161218
5109,0,0,0.008251362641809855
5110,1,1,0.9811716240883857
5111,0,0,0.009056150360070911
5112,1,1,0.9994697254044571
5113,0,0,0.010283353282946021
5114,0,0,0.009372222618270804
5115,1,1,0.9994555498083111
5116,0,0,0.012525490504702884
5117,0,0,0.015328253146491519
5118,0,0,0.010872499451723328
5119,0,0,0.00823841174070737
5120,1,1,0.9985646498650936
5121,0,0,0.007494453798995829
5122,0,0,0.008500267989619684
5123,0,0,0.009494214346154661
5124,0,0,0.010264577914970575
5125,0,0,0.007714523210129112
5126,0,0,0.00838889098375209
5127,0,0,0.009492849458731483
5128,0,0,0.008911805782692952
5129,0,0,0.009623837866357367
5130,0,0,0.007711572741884284
5131,0,0,0.008505186357116085
5132,0,0,0.007923080067965814
5133,0,0,0.008007847723412731
5134,0,0,0.00966371835039313
5135,0,0,0.008183770502495776
5136,0,0,0.011713360074744198
5137,1,1,0.9994146122719457
5138,0,0,0.008506662658091258
5139,0,0,0.008880089852554916
5140,0,0,0.008159742035015445
5141,1,1,0.9995663029011961
5142,0,0,0.011230193192884395
5143,0,0,0.00796589700644494
5144,0,0,0.00847837629411899
5145,0,0,0.008393493539588348
5146,0,0,0.010187871109848572
5147,1,1,0.9985660044350984
5148,0,0,0.008143301581130646
5149,0,0,0.008192030388601097
5150,0,0,0.00959075304698704
5151,0,0,0.007670094902720685
5152,0,0,0.008553006080769362
5153,0,0,0.007917405736819915
5154,0,0,0.007611137067108729
5155,0,0,0.009120991005599311
5156,0,0,0.009066527171741385
5157,0,1,0.905170654296136
5158,0,0,0.008652347853541008
5159,0,0,0.05668410908716908
5160,0,0,0.007694192542388318
5161,0,0,0.009030425482540154
5162,0,0,0.010210388216042414
5163,0,0,0.007742380586063814
5164,1,1,0.9993791787355026
5165,0,0,0.008500396733445185
5166,0,0,0.008284921575637145
5167,0,0,0.013154037621450414
5168,0,0,0.007962655635911184
5169,0,0,0.008383226646236964
5170,0,0,0.007610922772517177
5171,0,0,0.007963355945815967
5172,0,0,0.009280519251545521
5173,0,0,0.019988801631391977
5174,0,0,0.011795688475610168
5175,0,0,0.00934254010825028
5176,0,0,0.007962308287034623
5177,0,0,0.008389129638118773
5178,1,1,0.9991517219948334
5179,0,0,0.008424571170452156
5180,0,0,0.008006546709369173
5181,0,0,0.008534434903236954
5182,0,0,0.008527092380714404
5183,0,0,0.01716287391489645
5184,0,0,0.007874326904610035
5185,0,0,0.00903248346355731
5186,0,0,0.011690657089881958
5187,0,0,0.009298651466067358
5188,0,0,0.009512503742246646
5189,1,1,0.9994364171623621
5190,1,1,0.9995324198221334
5191,0,0,0.00752047140064081
5192,0,0,0.008024395942778878
5193,0,0,0.011658059025597085
5194,0,0,0.009132523662370053
5195,0,0,0.0075523200470346994
5196,1,1,0.9992339009446508
5197,0,0,0.008150298200216824
5198,0,0,0.00886245890740843
5199,0,0,0.010008280666171312
5200,1,1,0.9984211185587366
5201,1,1,0.9994146122719457
5202,0,0,0.015751278264544376
5203,0,0,0.008571154524277248
5204,0,0,0.00834209981048147
5205,1,1,0.9993931145514274
5206,0,0,0.007625800437255502
5207,0,0,0.008461404998324045
5208,0,0,0.009460796357254006
5209,0,0,0.011741205315283222
5210,0,0,0.012796584892863592
5211,0,0,0.012170875124650246
5212,0,0,0.015239979538255899
5213,0,0,0.016419473295831676
5214,1,1,0.9993702442953115
5215,0,0,0.010220789785819669
5216,0,0,0.00891073464650592
5217,0,0,0.007924773477409403
5218,0,0,0.026318563829814404
5219,0,0,0.008776310940498931
5220,0,0,0.009963090258567807
5221,0,0,0.00930775693947484
5222,0,0,0.009326047411209926
5223,0,0,0.009516179533938362
5224,0,0,0.008968991396263538
5225,0,0,0.008855571202660163
5226,0,0,0.012504557053316087
5227,0,0,0.01103370509063314
5228,1,1,0.9994387003987388
5229,0,0,0.009440746659219682
5230,0,0,0.011096587194019774
5231,0,0,0.00841949382320912
5232,1,1,0.9994624645919342
5233,0,0,0.007850368051449596
5234,0,0,0.0076867770582979
5235,0,0,0.011592766142757371
5236,0,0,0.0145831065989352
5237,1,1,0.9993366248197679
5238,0,0,0.009030091097900131
5239,0,0,0.008524128275382617
5240,0,0,0.008150046616346213
5241,0,0,0.011530824017777164
5242,0,0,0.008033543985803693
5243,0,0,0.008487940941580428
5244,0,0,0.009073809735754172
5245,0,0,0.008354405344200636
5246,0,0,0.00858430950731008
5247,0,0,0.008333494753741377
5248,0,0,0.00908599658753029
5249,0,0,0.009035486107020055
5250,1,1,0.9995052689184736
5251,0,0,0.0083642445254835
5252,0,0,0.010175752591219672
5253,0,0,0.008927272758930899
5254,0,0,0.007947226630291107
5255,0,0,0.008099576529089063
5256,0,0,0.012816452067944793
5257,0,0,0.008244082430921446
5258,0,0,0.010103558228168944
5259,0,0,0.012757946760644477
5260,0,0,0.0076144184661068775
5261,0,0,0.008409316473981816
5262,0,0,0.009647038210321611
5263,0,0,0.008179496963157841
5264,0,0,0.02048723117767143
5265,0,0,0.00862315686543497
5266,0,0,0.007906350138865174
5267,0,0,0.0078121525997403825
5268,0,0,0.009439217201759971
5269,1,1,0.9993331262406184
5270,0,0,0.008810275823300996
5271,0,0,0.007841541411341581
5272,0,0,0.008195129495087272
5273,0,0,0.008539325028492896
5274,0,0,0.007959879505955756
5275,0,0,0.008307605450503743
5276,0,0,0.007609772523035811
5277,0,0,0.008298099134794897
5278,1,1,0.9995539298565083
5279,0,0,0.008142595516053413
5280,0,0,0.007832203785812723
5281,0,0,0.008877109020575445
5282,0,0,0.012501175615000625
5283,0,0,0.008409914870537568
5284,0,0,0.010356494799186693
5285,1,1,0.9995959918217743
5286,0,0,0.008583387507262844
5287,0,0,0.008792675476206544
5288,0,0,0.008162684885162775
5289,0,0,0.008447708417218019
5290,0,0,0.010066732007038986
5291,0,0,0.008576021574666902
5292,1,1,0.9995056106455976
5293,0,0,0.019988801631391977
5294,1,1,0.9995374268355455
5295,0,0,0.007929612676233681
5296,0,0,0.007770230370203983
5297,0,0,0.008411156965600516
5298,0,0,0.011875589684235207
5299,0,0,0.00821943729729824
5300,0,0,0.008807367803300268
5301,0,0,0.008150342753690953
5302,0,0,0.008309595287146344
5303,0,0,0.007861757732253895
5304,0,0,0.007886105918760504
5305,0,0,0.010514344606544152
5306,0,0,0.013423658700466384
5307,0,0,0.008039595761427428
5308,0,0,0.007505004729682709
5309,0,0,0.008964728208692176
5310,0,0,0.008203038799775656
5311,0,0,0.0086267462024747
5312,0,0,0.007834372184324055
5313,0,0,0.007740905691334716
5314,1,1,0.9994483885156167
5315,0,0,0.01208032291419342
5316,0,0,0.008400366254637805
5317,0,0,0.008499873108558372
5318,0,0,0.007642908747440246
5319,0,0,0.019988801631391977
5320,0,0,0.007691455863339046
5321,0,0,0.00775028074147483
5322,0,0,0.008157764637033455
5323,0,0,0.015012820924415563
5324,0,0,0.008975267878844718
5325,0,0,0.008500351210746724
5326,0,0,0.00842674705770482
5327,0,0,0.011603184389408907
5328,0,0,0.010031608659466512
5329,0,0,0.009966821272698064
5330,0,0,0.009001776492862178
5331,0,0,0.012388077851331253
5332,0,0,0.009119747753024694
5333,0,0,0.008182710322981887
5334,0,0,0.015588081816364039
5335,0,0,0.00799655884928876
5336,0,0,0.008890546438075884
5337,0,0,0.007626237951992368
5338,0,0,0.010867676875722102
5339,0,0,0.0099304705747619
5340,0,0,0.010046681853778928
5341,0,0,0.009634913393865203
5342,1,1,0.9994889921877695
5343,0,0,0.009282954331385977
5344,0,0,0.008857674610159983
5345,0,0,0.007933107175641276
5346,0,0,0.015380730864425624
5347,0,0,0.008120495224478226
5348,0,0,0.01878159578562304
5349,0,0,0.00792996902675145
5350,0,0,0.010120099978566326
5351,0,0,0.008400713129717189
5352,0,0,0.007729030714444771
5353,0,0,0.010527892111784884
5354,0,0,0.013121467356672507
5355,0,0,0.011098443390028209
5356,0,0,0.008023640748438077
5357,0,0,0.007761906218285115
5358,0,0,0.008685612321753732
5359,0,0,0.009236058461868424
5360,0,0,0.009151861592353138
5361,0,0,0.010828685051411253
5362,0,0,0.008062644227987087
5363,0,0,0.01293782028234099
5364,1,1,0.9991700935304013
5365,1,1,0.999303329561803
5366,1,1,0.9898656715491979
5367,0,0,0.008818512040199213
5368,1,1,0.9975868874687298
5369,0,0,0.0074658375937650765
5370,1,0,0.39411425473140094
5371,0,0,0.00791859743169395
5372,0,0,0.008321536751600864
5373,0,0,0.010403063350648507
5374,0,0,0.009624586241170125
5375,0,0,0.008398816974169278
5376,0,0,0.008179289504648954
5377,1,1,0.9776736792226867
5378,1,1,0.9995825260538875
5379,0,0,0.010461392355589072
5380,0,0,0.009736419112749172
5381,1,1,0.9900639629209953
5382,0,0,0.00769081064723524
5383,0,0,0.008876590358863276
5384,0,0,0.007858250206061092
5385,0,0,0.009052027411484862
5386,0,0,0.00855044124033324
5387,0,0,0.007784702564522369
5388,0,0,0.008431264049700888
5389,0,0,0.008949288927703625
5390,0,0,0.00874641552314629
5391,0,0,0.008773656983403865
5392,0,0,0.00943509265453632
5393,0,0,0.00816768907850825
5394,0,0,0.008205269587072217
5395,0,0,0.008134546185909608
5396,0,0,0.009874177588650487
5397,0,0,0.019988801631391977
5398,0,0,0.007857606543197048
5399,0,0,0.011620113460764333
5400,0,0,0.008206961054204548
5401,0,0,0.008586146411290938
5402,0,0,0.008019959291967305
5403,0,0,0.008815121464693714
5404,0,0,0.007607734964305817
5405,0,0,0.018293953478328497
5406,0,0,0.008891661068243944
5407,0,0,0.007698423176437345
5408,0,0,0.012074353029754131
5409,0,0,0.009298651466067358
5410,0,0,0.00814513227453254
5411,0,0,0.007817133482108213
5412,0,0,0.015491272719722364
5413,0,0,0.008887063022175404
5414,0,0,0.019988801631391977
5415,0,0,0.008504743378656504
5416,0,0,0.009792761303567475
5417,0,0,0.009344804089962785
5418,0,0,0.009526189598074618
5419,0,0,0.007999638857556382
5420,0,0,0.007994278325196735
5421,0,0,0.008937777689938328
5422,0,0,0.008845335581697991
5423,0,0,0.00752047140064081
5424,0,0,0.007872792421761447
5425,0,0,0.00914566517928241
5426,0,0,0.008316453084832122
5427,1,1,0.5732594534342174
5428,0,0,0.008643106590277063
5429,0,0,0.008018462122774163
5430,0,0,0.014213198993004819
5431,0,0,0.012549000420893349
5432,0,0,0.009968577403692683
5433,0,0,0.007782015065741393
5434,0,0,0.008714682870819496
5435,0,0,0.008698643614324838
5436,0,0,0.010745825969537817
5437,0,0,0.013962478794342528
5438,0,0,0.00982142947710068
5439,0,0,0.008433000827832025
5440,0,0,0.0119840995590533
5441,0,0,0.00811265830785261
5442,0,0,0.007756340515345451
5443,1,1,0.9994701400957727
5444,0,0,0.008132102939970817
5445,0,0,0.008022898159166106
5446,0,0,0.007629452287261675
5447,0,0,0.011397936820876567
5448,0,0,0.007962045493906509
5449,1,1,0.8837425193030575
5450,0,0,0.01173845715571508
5451,0,0,0.012241809606729446
5452,0,0,0.010713929109004398
5453,0,0,0.019988801631391977
5454,0,0,0.008102955841041502
5455,0,0,0.00908099246752893
5456,1,1,0.9924080312940461
5457,0,0,0.013615224672779414
5458,0,0,0.00752047140064081
5459,0,0,0.007657816196447355
5460,1,1,0.9994723884613479
5461,0,0,0.007497970067607365
5462,1,1,0.9984053992539627
5463,0,0,0.012648319014967123
5464,0,0,0.010997880970056101
5465,0,0,0.008572558356690334
5466,1,1,0.9939371496197131
5467,1,1,0.9985660044350984
5468,1,1,0.9995233001257835
5469,0,0,0.007637308707046435
5470,0,0,0.009082081173146288
5471,0,0,0.008487766731851209
5472,0,0,0.00781527342109528
5473,0,0,0.008260466985319697
5474,0,0,0.008806614584094406
5475,0,0,0.32759002644330504
5476,0,0,0.008084753686636564
5477,0,0,0.010413335014897615
5478,0,0,0.007483901887299109
5479,0,0,0.008038943566820415
5480,0,0,0.011166011208685798
5481,0,0,0.007968210765790714
5482,1,1,0.9995528615248886
5483,0,0,0.00867595346309941
5484,0,0,0.01142576662184951
5485,0,0,0.008662119213238676
5486,0,0,0.020112045942523242
5487,1,1,0.9984312419728629
5488,0,0,0.010427046072103324
5489,0,0,0.009341954104178095
5490,0,0,0.010427046072103324
5491,0,0,0.007636464023051063
5492,1,1,0.9749107422434052
5493,0,0,0.009210177952805964
5494,0,0,0.007502708786214593
5495,0,0,0.007647618996107792
5496,0,0,0.014647718114008489
5497,1,1,0.9993502767131042
5498,0,0,0.007685432263490773
5499,0,0,0.011580937124719245
5500,0,0,0.007921213912635111
5501,1,1,0.9994626305646279
5502,0,0,0.010956831151761845
5503,0,0,0.013318805290347884
5504,0,0,0.0083530841307158
5505,0,0,0.007891280252016216
5506,0,0,0.008555870364448898
5507,0,0,0.008862115190993098
5508,0,0,0.007843704578312575
5509,0,0,0.00880151074460439
5510,0,0,0.009058295822794089
5511,0,0,0.011617087995836101
5512,0,0,0.009008409749691106
5513,0,0,0.007479698433342404
5514,0,0,0.007873664967393544
5515,0,0,0.007719535281926652
5516,0,0,0.007693289249472002
5517,0,0,0.0083816538283752
5518,0,0,0.00792286824831579
5519,0,0,0.009055967312820658
5520,0,0,0.009140804045205108
5521,0,0,0.01052941462350261
5522,0,0,0.008180271433432657
5523,0,0,0.01104715482275128
5524,1,1,0.9994064362694374
5525,0,0,0.00855720029768777
5526,1,1,0.9994400000465765
5527,0,0,0.009463407650274378
5528,0,0,0.014601290501691526
5529,0,0,0.019988801631391977
5530,0,0,0.0077285706768702835
5531,0,0,0.013059356383493422
5532,0,0,0.010292956391685424
5533,0,0,0.011376706046565233
5534,0,0,0.008265291752391091
5535,0,0,0.011741205315283222
5536,0,0,0.007707680304505597
5537,1,1,0.9630692430395779
5538,0,0,0.008345199160040362
5539,0,0,0.010388026436440925
5540,1,1,0.5318108553132707
5541,0,0,0.008116811124491044
5542,0,0,0.00925478698417004
5543,0,0,0.007975940531817724
5544,0,0,0.008233609621344996
5545,0,0,0.010415685489334994
5546,0,0,0.013422446541666353
5547,1,1,0.9994138802172274
5548,0,0,0.012902146726194295
5549,0,0,0.008795746303962022
5550,0,0,0.00788516285585879
5551,0,0,0.00818304420272152
5552,0,0,0.008596484919614613
5553,0,0,0.01208032291419342
5554,0,0,0.009502111320549348
5555,0,0,0.007695811259238154
5556,0,0,0.009597484208404021
5557,0,0,0.007472036076523302
5558,0,0,0.00752047140064081
5559,0,0,0.00774401700023466
5560,0,0,0.008115278244631615
5561,0,0,0.008397466358007786
5562,0,0,0.007768783579565062
5563,0,0,0.00788050624689647
5564,0,0,0.008416955233095876
5565,0,0,0.008934954802456561
5566,1,1,0.9959862962142085
5567,1,1,0.9994881662350259
5568,0,0,0.00798786341474225
5569,0,0,0.013179600337920936
5570,0,0,0.00931698006976896
5571,0,0,0.013187232646392329
